"customer_id","customer_name","customer_address","customer_birthday","customer_email"
1,Merna Dyde,"1215 Butternut Plaza",1993-05-28,mdyde0@shop-pro.jp
2,Gerry Mitten,"2 Glacier Hill Pass",1991-06-07,gmitten1@state.tx.us
3,Lonnie Glencross,"1825 Clyde Gallagher Plaza",1987-06-25,lglencross2@purevolume.com
4,Franky Sexon,"2419 Glendale Place",2001-04-20,fsexon3@netscape.com
5,Wat Cunney,"37 Transport Place",2000-10-23,wcunney4@bloglines.com
6,Duffie Seagar,"7203 Sommers Terrace",1998-02-17,dseagar5@privacy.gov.au
7,Geoffry Labarre,"52178 Pleasure Avenue",1988-07-20,glabarre6@nationalgeographic.com
8,Deedee McKay,"576 Katie Pass",2000-08-26,dmckay7@instagram.com
9,Samuele Shoulder,"4337 Lighthouse Bay Pass",1985-08-05,sshoulder8@mail.ru
10,Rinaldo Mulqueeny,"857 Blaine Street",1998-07-15,rmulqueeny9@senate.gov
11,Ralph Dugan,"8 Grover Place",1993-10-11,rdugana@marriott.com
12,Tripp Baile,"754 Utah Place",1994-04-20,tbaileb@slate.com
13,Delmer Dacks,"05921 Warner Hill",1991-06-25,ddacksc@elpais.com
14,Corene Cawse,"4 Gulseth Point",1990-02-21,ccawsed@mac.com
15,Pansy Quarlis,"6858 Homewood Court",1986-10-06,pquarlise@cdbaby.com
16,Lorene O'Rudden,"57 Anderson Road",1993-06-18,loruddenf@bing.com
17,Derwin Hindes,"05 Forest Pass",1992-03-31,dhindesg@marriott.com
18,Silva Meagher,"7 Chive Circle",2001-03-11,smeagherh@amazonaws.com
19,Michail Le Huquet,"1 Forster Way",2001-06-22,mlei@ebay.com
20,Kandy Dorn,"13858 Arkansas Crossing",1990-11-21,kdornj@wired.com
21,Pollyanna Davidofski,"8345 Namekagon Trail",1999-09-20,pdavidofskik@posterous.com
22,Angil Hemmingway,"75 Sugar Avenue",1998-01-27,ahemmingwayl@github.io
23,Lyle Spohrmann,"6567 Coleman Point",1992-04-06,lspohrmannm@printfriendly.com
24,Tomlin Son,"134 Bayside Road",1992-08-17,tsonn@amazonaws.com
25,Tasia Kennan,"79048 Shasta Hill",1999-04-02,tkennano@irs.gov
26,Maxi Bergstrand,"48 Anniversary Alley",1986-01-16,mbergstrandp@bing.com
27,Florence Peskin,"49362 Continental Parkway",1991-04-24,fpeskinq@scientificamerican.com
28,Sibyl Andrini,"8796 Elka Circle",1989-05-18,sandrinir@gmpg.org
29,Constantina Tiley,"87636 Bonner Way",1998-04-02,ctileys@psu.edu
30,Evangelina Pretti,"4365 Goodland Parkway",1992-05-22,eprettit@shutterfly.com
31,Rodolph Vittori,"4161 Sloan Crossing",1992-07-24,rvittoriu@craigslist.org
32,Reena Staning,"6031 Dryden Way",1990-06-09,rstaningv@digg.com
33,Rollin Bowton,"4 Orin Trail",1995-05-31,rbowtonw@theguardian.com
34,Burch Clelle,"8138 Swallow Street",1996-09-03,bclellex@simplemachines.org
35,Tarah Gathwaite,"3 High Crossing Alley",1994-08-21,tgathwaitey@prweb.com
36,Jeffrey Peddel,"762 Grayhawk Circle",1998-05-12,jpeddelz@edublogs.org
37,Latrina Pauley,"36 Warbler Parkway",1988-11-29,lpauley10@npr.org
38,Burnard Gages,"1 Lyons Park",2002-06-22,bgages11@homestead.com
39,Ashlen Diaper,"6812 Laurel Crossing",2000-07-01,adiaper12@youku.com
40,Audi Jakeman,"1 Dayton Drive",1990-07-14,ajakeman13@psu.edu
41,Ginger Chastaing,"9427 Lakewood Road",1993-11-24,gchastaing14@dmoz.org
42,Veradis Riepl,"9692 Main Avenue",1993-08-03,vriepl15@taobao.com
43,Theodosia Renshell,"97626 Katie Center",1986-10-04,trenshell16@reddit.com
44,Naomi Sainer,"6898 Blackbird Point",1999-09-05,nsainer17@baidu.com
45,Dana Martyntsev,"26595 Loomis Trail",2002-09-22,dmartyntsev18@eepurl.com
46,Baxie Stathers,"474 Vera Avenue",2002-10-05,bstathers19@behance.net
47,Mattheus Weaben,"83 Sommers Park",2002-02-18,mweaben1a@desdev.cn
48,Bert McAvey,"93 Transport Avenue",1996-11-18,bmcavey1b@sfgate.com
49,Gladi Mechic,"84 Summerview Hill",1997-05-01,gmechic1c@google.ca
50,Jeffie Hallsworth,"75219 Russell Point",1987-01-04,jhallsworth1d@microsoft.com
51,Sonnie Haily,"7 Thompson Junction",1993-01-21,shaily1e@huffingtonpost.com
52,Aryn Kingh,"4494 Stuart Parkway",1988-10-26,akingh1f@topsy.com
53,Sansone Gosnold,"26 Express Place",1987-07-05,sgosnold1g@wsj.com
54,Felicio Angeau,"7815 Sycamore Plaza",1996-08-05,fangeau1h@fotki.com
55,Guido Tregale,"6 Hayes Terrace",1995-09-19,gtregale1i@shop-pro.jp
56,Rozamond Martineau,"33016 Dexter Park",1990-03-01,rmartineau1j@vkontakte.ru
57,Ransom Penticoot,"45799 Bluejay Lane",1995-05-06,rpenticoot1k@friendfeed.com
58,Carmela Witter,"87 Merchant Court",2000-01-01,cwitter1l@bloomberg.com
59,Garner Thurlby,"7143 Paget Court",1988-03-07,gthurlby1m@a8.net
60,Ingelbert Tansill,"488 Vernon Road",1994-02-06,itansill1n@ebay.com
61,Tab Royans,"315 Shasta Park",1997-05-11,troyans1o@networksolutions.com
62,Terry Brock,"38695 Del Mar Avenue",2000-09-24,tbrock1p@msu.edu
63,Dannye Tunsley,"4609 Quincy Lane",2002-03-07,dtunsley1q@smugmug.com
64,Willi Rozycki,"47799 School Way",1999-03-21,wrozycki1r@netscape.com
65,Constancy Andersson,"93 Carberry Trail",1986-07-30,candersson1s@e-recht24.de
66,Pen Crunkhurn,"0 Kennedy Pass",1988-12-07,pcrunkhurn1t@prlog.org
67,Ervin Crady,"43 Golf Course Parkway",1995-09-30,ecrady1u@timesonline.co.uk
68,Donielle Perocci,"893 Kedzie Street",1988-09-18,dperocci1v@theguardian.com
69,Zebadiah Habard,"86 Morning Avenue",1986-03-29,zhabard1w@state.gov
70,Goddard Krinks,"7 Forster Point",1999-08-04,gkrinks1x@boston.com
71,Jilly Ridolfi,"5 Eastlawn Avenue",1987-05-01,jridolfi1y@privacy.gov.au
72,Benedick Macveigh,"76594 Sunfield Trail",1992-01-26,bmacveigh1z@vimeo.com
73,Stesha Lewton,"7 Bluejay Street",1996-01-20,slewton20@blinklist.com
74,Ximenez Nestle,"49 Stoughton Court",1988-11-25,xnestle21@mayoclinic.com
75,Barbabas Yushkov,"89 Alpine Way",1993-06-26,byushkov22@sourceforge.net
76,Dulcinea Matzaitis,"33 Dixon Parkway",1986-06-03,dmatzaitis23@pagesperso-orange.fr
77,Norri Fielder,"73078 Everett Road",1993-10-05,nfielder24@sciencedirect.com
78,Caren Norman,"5179 South Terrace",1995-05-26,cnorman25@simplemachines.org
79,Tiena Kordova,"84548 Manitowish Pass",1996-04-26,tkordova26@usda.gov
80,Nona Plowright,"52568 School Junction",1998-03-03,nplowright27@independent.co.uk
81,Gerrilee Chesnut,"82 Truax Place",1990-07-22,gchesnut28@goo.gl
82,Candie Olorenshaw,"390 Truax Drive",1985-02-03,colorenshaw29@senate.gov
83,Nerita McCullock,"323 Rieder Drive",1998-02-03,nmccullock2a@time.com
84,Margette Playfair,"30138 Village Trail",2000-06-25,mplayfair2b@purevolume.com
85,Welbie Blucher,"46771 Manufacturers Street",1987-03-29,wblucher2c@globo.com
86,Jamil Cohn,"155 Vahlen Park",1997-09-03,jcohn2d@si.edu
87,Kristine Ventum,"35834 Grim Avenue",1999-05-04,kventum2e@e-recht24.de
88,Vitia Padgett,"650 Coleman Center",1999-04-25,vpadgett2f@oracle.com
89,Shane Camplen,"0201 Jenna Trail",1994-12-17,scamplen2g@businessinsider.com
90,Maybelle Girodon,"63372 Anhalt Street",1990-12-21,mgirodon2h@mlb.com
91,Carole Packman,"0269 Kipling Pass",1985-07-03,cpackman2i@arstechnica.com
92,Brook Adamthwaite,"809 Mcbride Circle",1998-08-01,badamthwaite2j@businesswire.com
93,Gabe Dubery,"69814 Schmedeman Pass",1992-06-28,gdubery2k@g.co
94,Fawn Macura,"21 North Point",1990-04-17,fmacura2l@smugmug.com
95,Trudie Thrustle,"28 Spenser Place",2002-06-09,tthrustle2m@hc360.com
96,Micky Tetford,"898 Gerald Junction",1987-01-01,mtetford2n@wikia.com
97,Diana Orpyne,"898 Stone Corner Lane",1993-06-11,dorpyne2o@smh.com.au
98,Mile Melarkey,"49457 Sundown Crossing",1995-03-29,mmelarkey2p@walmart.com
99,Stephanus Hiscocks,"103 Park Meadow Terrace",1987-01-09,shiscocks2q@wsj.com
100,Edgar Suart,"50828 Eliot Trail",1992-08-10,esuart2r@gov.uk
101,Homer Buche,"7 Paget Plaza",1995-11-21,hbuche2s@ask.com
102,Richmond Chastanet,"8794 Barnett Center",1989-03-22,rchastanet2t@salon.com
103,Adele Marvell,"330 Elmside Place",1992-12-20,amarvell2u@ameblo.jp
104,Demetre MacShirie,"55095 Corry Drive",1999-06-17,dmacshirie2v@home.pl
105,Amii Aishford,"6347 Parkside Junction",1987-04-08,aaishford2w@seesaa.net
106,Maury Sprionghall,"79421 Steensland Court",2002-10-30,msprionghall2x@vistaprint.com
107,Peter Cecil,"41560 Anhalt Trail",1996-12-16,pcecil2y@imgur.com
108,Maurizio Harbach,"3 Valley Edge Junction",1987-11-27,mharbach2z@diigo.com
109,Hyatt Engelmann,"26300 3rd Drive",2002-03-22,hengelmann30@baidu.com
110,Seamus Hallford,"8 Meadow Vale Street",1988-12-05,shallford31@economist.com
111,Jaclin Mallindine,"340 Gina Circle",1985-11-12,jmallindine32@parallels.com
112,Haleigh Durkin,"8 Meadow Vale Parkway",2000-02-18,hdurkin33@xrea.com
113,Dewey Holhouse,"73 Butterfield Hill",1998-12-16,dholhouse34@earthlink.net
114,Perry Barrass,"7940 Annamark Place",1996-10-12,pbarrass35@joomla.org
115,Katuscha Hacquard,"1 Fremont Place",1996-07-13,khacquard36@google.com.br
116,Ginger Dolle,"8 Northland Center",1997-11-27,gdolle37@archive.org
117,Lisa Houndson,"46 Bunting Place",1993-01-28,lhoundson38@addthis.com
118,Katha Thoms,"30 Rockefeller Drive",1994-07-17,kthoms39@sphinn.com
119,Lucille Hick,"024 Thierer Point",1996-07-06,lhick3a@nasa.gov
120,Baron Kohrs,"5689 Sachtjen Terrace",1988-03-09,bkohrs3b@hostgator.com
121,Waiter Kits,"93778 Magdeline Circle",1992-09-18,wkits3c@google.fr
122,Ermanno Waterworth,"8 Old Shore Place",1989-04-25,ewaterworth3d@gizmodo.com
123,Coraline Norrie,"8 Stephen Trail",1987-05-19,cnorrie3e@mail.ru
124,Simeon Crassweller,"3 Paget Alley",1999-12-26,scrassweller3f@sohu.com
125,Cicily Rangall,"9176 Grover Junction",1994-04-20,crangall3g@fotki.com
126,Ardelia Sharphurst,"2 Marquette Circle",2002-05-09,asharphurst3h@printfriendly.com
127,Kameko Smith,"200 Toban Terrace",1999-09-01,ksmith3i@illinois.edu
128,Nikos Mordanti,"7 Moose Crossing",1999-02-28,nmordanti3j@oracle.com
129,Aluin Gettens,"3 Rockefeller Plaza",1991-09-30,agettens3k@privacy.gov.au
130,Brena Blesli,"546 Hoard Hill",2000-05-25,bblesli3l@google.com
131,Dian Ryland,"05 Springview Alley",1998-12-07,dryland3m@wp.com
132,Julienne Greeve,"24363 Arapahoe Avenue",2001-07-03,jgreeve3n@nytimes.com
133,Mela Saxelby,"038 Jana Point",1996-07-17,msaxelby3o@people.com.cn
134,Caresse Arunowicz,"07893 Esch Plaza",1997-12-16,carunowicz3p@virginia.edu
135,Shellysheldon McGraith,"86962 Mccormick Crossing",1998-06-25,smcgraith3q@wufoo.com
136,Nicola Pietesch,"06936 Old Gate Street",1989-01-31,npietesch3r@ifeng.com
137,Dena Kopf,"439 Melvin Trail",1989-03-31,dkopf3s@intel.com
138,Romola Daldry,"7 Veith Park",1999-02-28,rdaldry3t@nymag.com
139,Anatole Scatchard,"30 Fisk Drive",2001-10-14,ascatchard3u@hubpages.com
140,Thomas Vaux,"67 Clyde Gallagher Street",1994-04-19,tvaux3v@youku.com
141,Daryl Munnis,"988 Portage Center",1987-10-31,dmunnis3w@i2i.jp
142,Andee Burlay,"14131 Kinsman Road",2000-09-06,aburlay3x@studiopress.com
143,Anthony Jankiewicz,"414 Cordelia Pass",1998-12-16,ajankiewicz3y@exblog.jp
144,Naomi Coates,"4090 Hayes Park",1992-04-05,ncoates3z@taobao.com
145,Amos Spawton,"238 Talisman Center",1992-03-08,aspawton40@amazon.co.uk
146,Jehanna Medler,"6865 American Ash Hill",1994-02-27,jmedler41@creativecommons.org
147,Austina Niblo,"168 Rowland Avenue",1987-06-01,aniblo42@wordpress.org
148,Ingunna Hanby,"75516 Crowley Road",1990-09-19,ihanby43@oakley.com
149,Hailey Devlin,"80728 Hagan Plaza",1992-10-05,hdevlin44@google.it
150,Cahra Dewdney,"8 Anzinger Point",1992-05-28,cdewdney45@abc.net.au
151,Margeaux Petersen,"2910 Fair Oaks Crossing",1991-05-04,mpetersen46@weebly.com
152,Albina Botcherby,"81 Anderson Trail",1989-03-29,abotcherby47@skyrock.com
153,Syd Fender,"77 Prairie Rose Place",1995-11-14,sfender48@aboutads.info
154,Abe Roche,"7 Sunfield Avenue",1991-01-31,aroche49@archive.org
155,Carlin Briers,"5668 Oxford Hill",1995-06-25,cbriers4a@usnews.com
156,Glori McNeish,"0280 Straubel Plaza",2000-03-10,gmcneish4b@wikipedia.org
157,Lucia Hannen,"20 Ridgeview Circle",1990-11-16,lhannen4c@1688.com
158,Abba Karlqvist,"70187 Sullivan Pass",1992-10-09,akarlqvist4d@ow.ly
159,Brendis Redford,"7226 Calypso Road",1995-04-08,bredford4e@mapquest.com
160,Rozele Farrier,"658 Forster Plaza",1989-10-08,rfarrier4f@weebly.com
161,Val Lyst,"86 Dapin Pass",1988-04-06,vlyst4g@ning.com
162,Pammi McCray,"59 Becker Avenue",2002-07-06,pmccray4h@opensource.org
163,Wynnie Klaaasen,"4035 Melrose Lane",1998-07-23,wklaaasen4i@a8.net
164,Claretta Pherps,"20981 Shelley Pass",1996-10-20,cpherps4j@discuz.net
165,Muire Coney,"3 Lerdahl Alley",1985-12-03,mconey4k@phpbb.com
166,Vivianne Outibridge,"636 La Follette Court",1995-01-01,voutibridge4l@cbslocal.com
167,Karoly Guesford,"2 Steensland Lane",1994-03-13,kguesford4m@go.com
168,Sarene Blaydes,"4238 Myrtle Court",1997-12-30,sblaydes4n@theguardian.com
169,Nadean McInerney,"6401 Bellgrove Point",1995-09-21,nmcinerney4o@mediafire.com
170,Ginnifer Pietron,"0670 Oneill Parkway",2002-02-04,gpietron4p@java.com
171,Norbie Becerra,"91 Merrick Circle",2000-01-18,nbecerra4q@google.fr
172,Lil Taye,"8 Dakota Street",1997-06-27,ltaye4r@yale.edu
173,Lyndell Smedmore,"82 Anderson Circle",2002-06-29,lsmedmore4s@yellowpages.com
174,Felicity Lindeberg,"61358 Golf View Hill",1991-02-19,flindeberg4t@so-net.ne.jp
175,Elihu Lambal,"555 Jay Alley",2002-01-04,elambal4u@icq.com
176,Gus Tunesi,"905 Northport Park",1991-12-23,gtunesi4v@ted.com
177,Marsiella Boodle,"22930 American Center",2002-08-18,mboodle4w@mtv.com
178,Donnell Sarch,"384 Surrey Junction",1996-06-16,dsarch4x@wp.com
179,Julita Johl,"61375 Dunning Court",1989-02-03,jjohl4y@topsy.com
180,Hilliary Barnwill,"647 Sauthoff Circle",1995-02-06,hbarnwill4z@bigcartel.com
181,Amble Lewinton,"2362 Mayfield Trail",2001-05-30,alewinton50@wikispaces.com
182,Claudie Sandbatch,"73119 North Pass",1988-11-13,csandbatch51@dion.ne.jp
183,Dode Trittam,"79319 Hermina Avenue",1986-08-26,dtrittam52@cnet.com
184,Tomlin Alflatt,"071 Bonner Way",1998-12-03,talflatt53@va.gov
185,Robinett Jarad,"90971 Northridge Alley",1989-09-14,rjarad54@acquirethisname.com
186,Germain Insko,"83809 Michigan Hill",1992-04-08,ginsko55@cmu.edu
187,Alfie Waszczyk,"147 Bluejay Trail",2002-08-25,awaszczyk56@blog.com
188,Thomas Otham,"4 Russell Point",1994-07-09,totham57@unblog.fr
189,Murray McGown,"50 Ronald Regan Parkway",1989-11-02,mmcgown58@opensource.org
190,Benjamin Hought,"6223 Bonner Point",1986-05-05,bhought59@51.la
191,Moreen Hawse,"03142 Calypso Hill",1990-02-11,mhawse5a@google.com.hk
192,Sheri Farloe,"9596 Namekagon Terrace",2000-02-08,sfarloe5b@earthlink.net
193,Arnie Dunklee,"53845 Ilene Junction",1989-08-09,adunklee5c@amazon.co.uk
194,Chick Abelwhite,"776 Banding Park",1987-12-31,cabelwhite5d@linkedin.com
195,Klarrisa Peter,"59 Service Parkway",1990-05-21,kpeter5e@webnode.com
196,Giff Lyster,"24659 Blue Bill Park Center",1994-05-04,glyster5f@fotki.com
197,Valaree Haker,"707 Moland Point",1993-07-23,vhaker5g@stanford.edu
198,Theodora Youthead,"29 Vahlen Trail",1994-01-24,tyouthead5h@wikispaces.com
199,Cathie Valentelli,"283 Armistice Terrace",1989-03-22,cvalentelli5i@spiegel.de
200,Lawry Firpo,"4 Red Cloud Center",1998-09-08,lfirpo5j@hao123.com
201,Lionel Virgin,"90 Corben Pass",1998-11-01,lvirgin5k@comsenz.com
202,Marje Raittie,"93 Donald Street",2000-05-28,mraittie5l@businesswire.com
203,Virgilio La Croce,"85909 Oriole Place",2001-12-07,vla5m@storify.com
204,Chrystal Gull,"04 Clove Street",1993-07-21,cgull5n@engadget.com
205,Gabrielle Pinniger,"68 2nd Pass",1989-02-04,gpinniger5o@ed.gov
206,Doyle Hegarty,"603 Thackeray Lane",1994-07-21,dhegarty5p@slideshare.net
207,Virgina Drivers,"138 Fisk Hill",1998-07-16,vdrivers5q@soundcloud.com
208,Frannie Walisiak,"6303 Vera Pass",1995-05-03,fwalisiak5r@vimeo.com
209,Conrad Biggin,"78890 Elgar Circle",2001-03-04,cbiggin5s@nsw.gov.au
210,Raffaello Stonner,"32 Melby Avenue",1998-05-03,rstonner5t@npr.org
211,Hogan Brophy,"6 Schmedeman Hill",1990-07-15,hbrophy5u@tripadvisor.com
212,Judye Heinecke,"85277 Fair Oaks Junction",1987-02-06,jheinecke5v@goodreads.com
213,Daniella Gildersleeve,"21 Rigney Park",1988-01-29,dgildersleeve5w@hugedomains.com
214,Hamlin Worsham,"9577 Hallows Point",2000-08-21,hworsham5x@wisc.edu
215,Corilla Rodolf,"78 Talisman Avenue",1986-01-05,crodolf5y@ucla.edu
216,Edee Moncey,"01815 Ridgeview Circle",1995-12-25,emoncey5z@unblog.fr
217,Bamby Ormrod,"9 Mifflin Circle",1997-09-05,bormrod60@nih.gov
218,Mano Twell,"1 Kings Avenue",1992-03-06,mtwell61@fema.gov
219,Olivero Timbs,"6 Claremont Court",2002-04-22,otimbs62@google.co.uk
220,Arlene Unstead,"3 Kinsman Circle",1989-07-25,aunstead63@house.gov
221,Babbette Cluley,"8230 Cottonwood Way",1998-04-30,bcluley64@cam.ac.uk
222,Flint Fitzmaurice,"92059 Monica Plaza",1992-07-31,ffitzmaurice65@nifty.com
223,Karlee Cafferky,"98030 Pepper Wood Parkway",1986-06-01,kcafferky66@qq.com
224,Tabbi Petchey,"8 Fremont Place",1987-05-13,tpetchey67@whitehouse.gov
225,Levey Lyffe,"8014 Elmside Hill",1990-12-16,llyffe68@ed.gov
226,Winthrop Pardue,"129 Golf Course Center",1992-04-30,wpardue69@edublogs.org
227,Leodora Huyhton,"83138 Bluestem Park",1995-10-13,lhuyhton6a@ehow.com
228,Virgie Mattson,"8994 Aberg Alley",1995-10-07,vmattson6b@spotify.com
229,Myrwyn Gosnold,"18 Ruskin Street",1985-01-08,mgosnold6c@blogger.com
230,Dorothy McClosh,"95010 Marquette Terrace",1994-03-26,dmcclosh6d@amazon.de
231,Elisabeth Olesen,"74430 Summerview Street",1990-11-07,eolesen6e@t.co
232,Magdalen Kirkbride,"031 Roth Point",1995-07-27,mkirkbride6f@dailymotion.com
233,Florida Pachta,"4 Sachs Drive",1997-02-09,fpachta6g@mapquest.com
234,Merci Westwood,"6 Dennis Terrace",2000-07-19,mwestwood6h@fastcompany.com
235,Ilaire Childerhouse,"6768 Union Center",2001-07-18,ichilderhouse6i@123-reg.co.uk
236,Demetri Thireau,"877 Mariners Cove Pass",2002-08-23,dthireau6j@hubpages.com
237,Michail Spyby,"5090 Stone Corner Point",1995-07-12,mspyby6k@cpanel.net
238,Ginni Handrick,"46 Mendota Hill",1997-01-22,ghandrick6l@tinyurl.com
239,Serene Gilbee,"94785 Corben Alley",1990-12-10,sgilbee6m@skype.com
240,Adan Potes,"9 Lerdahl Hill",1998-08-29,apotes6n@ameblo.jp
241,Dennie Barles,"0 Kennedy Park",2000-11-03,dbarles6o@army.mil
242,Padraic Tottem,"324 Shopko Circle",1986-09-03,ptottem6p@yale.edu
243,Gregorio Hoodlass,"52 Nevada Street",1986-12-07,ghoodlass6q@elpais.com
244,Arri Pinson,"623 Evergreen Circle",1990-07-14,apinson6r@sitemeter.com
245,Katerine Cabral,"4715 Swallow Avenue",2002-09-14,kcabral6s@timesonline.co.uk
246,Brion Crone,"2 Arizona Trail",2000-01-27,bcrone6t@fotki.com
247,Tracey O'Hollegan,"566 Cascade Place",1997-03-01,tohollegan6u@marketwatch.com
248,Cristina Hessay,"1 Sheridan Terrace",1989-02-24,chessay6v@japanpost.jp
249,Giorgia Samweyes,"0003 International Hill",1990-10-27,gsamweyes6w@smh.com.au
250,Winifield Sampson,"7922 Birchwood Court",1991-07-28,wsampson6x@prnewswire.com
251,Lauryn de la Tremoille,"19 Twin Pines Court",1995-08-06,lde6y@archive.org
252,Letitia Wilderspoon,"252 Rigney Alley",1996-05-23,lwilderspoon6z@aol.com
253,Johna Addie,"2 Monterey Parkway",1995-04-06,jaddie70@freewebs.com
254,Katalin Garatty,"84371 Thierer Lane",1994-03-20,kgaratty71@wikipedia.org
255,Derron Wattins,"992 School Trail",1989-04-28,dwattins72@miitbeian.gov.cn
256,Anjanette Snazel,"79 Tony Center",1996-02-10,asnazel73@youtu.be
257,Imojean Kid,"24 Schiller Lane",1992-04-08,ikid74@tumblr.com
258,Kippy Polack,"5 Kenwood Road",2000-09-30,kpolack75@creativecommons.org
259,Irita Minero,"758 Dawn Lane",1995-06-05,iminero76@xrea.com
260,Carmine Temperley,"9 Golf Course Point",1990-02-22,ctemperley77@columbia.edu
261,Traci Blandford,"6 Anhalt Road",1997-06-11,tblandford78@bloglovin.com
262,Arliene Glyde,"8964 Pepper Wood Parkway",2000-03-11,aglyde79@bbc.co.uk
263,Darby Flipek,"6169 Michigan Court",1998-08-31,dflipek7a@un.org
264,Martie MacCurlye,"535 Declaration Park",1989-05-22,mmaccurlye7b@china.com.cn
265,Leighton McCarle,"4823 Westend Drive",1988-06-13,lmccarle7c@diigo.com
266,Arvie Allin,"646 John Wall Plaza",1987-03-31,aallin7d@ucoz.com
267,Manfred Diviney,"9439 Hazelcrest Junction",1995-04-04,mdiviney7e@boston.com
268,Rasla Brunelleschi,"7884 Macpherson Court",1998-07-31,rbrunelleschi7f@businessinsider.com
269,Krysta Dorre,"45404 Clove Hill",2001-06-02,kdorre7g@smugmug.com
270,Geri Blune,"33 Oriole Hill",1988-02-24,gblune7h@newyorker.com
271,Jerri Cosbee,"51 Blaine Avenue",1993-10-17,jcosbee7i@oaic.gov.au
272,Dulsea Mordin,"94020 Huxley Point",1988-10-04,dmordin7j@tripadvisor.com
273,Guido Biaggioni,"6567 Montana Alley",1998-05-21,gbiaggioni7k@weather.com
274,Itch Whitelaw,"937 Fremont Lane",1989-09-04,iwhitelaw7l@youtube.com
275,Gale Ibbotson,"2 Lunder Way",1992-05-30,gibbotson7m@yelp.com
276,Cornell Woodnutt,"2 Rowland Pass",1999-05-26,cwoodnutt7n@ezinearticles.com
277,Antonino Amy,"9973 Forster Terrace",1991-11-03,aamy7o@hostgator.com
278,Austina Scollan,"74412 Tomscot Junction",1992-12-05,ascollan7p@domainmarket.com
279,Jacquetta Topling,"286 Vera Plaza",1986-10-16,jtopling7q@biglobe.ne.jp
280,Fanchon Kerley,"1680 Arizona Road",1998-04-18,fkerley7r@altervista.org
281,Sheffy Lyst,"751 Meadow Vale Place",1990-12-20,slyst7s@va.gov
282,Deny Dungey,"18 Blackbird Way",1991-02-14,ddungey7t@eepurl.com
283,Gaynor Rittmeyer,"5892 Lake View Park",1988-12-23,grittmeyer7u@indiegogo.com
284,Silvester Driutti,"49959 Cardinal Drive",1992-11-02,sdriutti7v@paypal.com
285,Izaak Jandak,"5 Monument Circle",1997-05-25,ijandak7w@ameblo.jp
286,Cleveland Sherrin,"5 Village Point",1994-05-08,csherrin7x@altervista.org
287,Lynea Belt,"0 Hoepker Center",1994-02-18,lbelt7y@edublogs.org
288,Reggis Wessel,"12 Kinsman Lane",1991-08-16,rwessel7z@com.com
289,Ximenes Harbottle,"7 David Park",2001-01-01,xharbottle80@ft.com
290,Flynn Witherop,"479 Mosinee Pass",1987-11-28,fwitherop81@nsw.gov.au
291,Gonzalo Powton,"9 Carey Place",1997-07-14,gpowton82@disqus.com
292,Claudie Treacher,"00 Norway Maple Place",2001-01-15,ctreacher83@flavors.me
293,Petronilla Dinnington,"6010 Logan Drive",1993-01-08,pdinnington84@pagesperso-orange.fr
294,Collen Braganza,"380 Oxford Court",1993-05-30,cbraganza85@oaic.gov.au
295,Issy Brokenshaw,"2792 Jana Road",1997-10-12,ibrokenshaw86@jigsy.com
296,Ira Surgenor,"8922 Schiller Court",1999-05-02,isurgenor87@addtoany.com
297,Kelly Baden,"20 Lerdahl Pass",1990-04-23,kbaden88@imdb.com
298,Gloriane Sutherns,"0 Clove Trail",2001-04-28,gsutherns89@livejournal.com
299,Denny Segrave,"471 Jenna Park",1994-11-17,dsegrave8a@g.co
300,Morganica Medcraft,"739 Nobel Trail",2001-12-03,mmedcraft8b@alexa.com
301,Frannie McPhillips,"995 Spohn Court",1994-06-22,fmcphillips8c@squarespace.com
302,Carie Trineman,"9719 Erie Way",2000-08-16,ctrineman8d@stumbleupon.com
303,Livy Stonuary,"94909 Quincy Parkway",1994-11-06,lstonuary8e@amazonaws.com
304,Whitby Crocker,"4 Express Junction",1995-01-13,wcrocker8f@wunderground.com
305,Danni Gooden,"4 North Trail",1994-11-24,dgooden8g@va.gov
306,Wood Haslum,"3799 Lillian Street",2001-01-17,whaslum8h@sbwire.com
307,Gery Rissen,"0 Namekagon Parkway",1989-07-16,grissen8i@mac.com
308,Blinni Grandisson,"1 Burrows Park",1986-06-06,bgrandisson8j@themeforest.net
309,Avram Linsay,"01 Bunting Court",2001-03-23,alinsay8k@jigsy.com
310,Corbin Fantin,"313 Petterle Point",1991-11-07,cfantin8l@barnesandnoble.com
311,Colan Sustins,"0986 Ohio Place",1985-02-06,csustins8m@yandex.ru
312,Audrey Jedras,"50373 Mosinee Trail",1998-05-08,ajedras8n@theguardian.com
313,Goldia Gillebert,"96 Onsgard Crossing",1989-04-19,ggillebert8o@skype.com
314,Ame Kinvan,"9 Hallows Center",1989-10-15,akinvan8p@hibu.com
315,Livvy Veldstra,"117 Northwestern Road",2001-10-26,lveldstra8q@theatlantic.com
316,Sebastian Havenhand,"80110 Kenwood Park",1990-05-14,shavenhand8r@twitpic.com
317,Ediva Daburn,"483 Fallview Hill",1993-12-30,edaburn8s@mozilla.com
318,Bradan Mullany,"81 Mandrake Plaza",1993-04-02,bmullany8t@pagesperso-orange.fr
319,Mycah Brunstan,"9 Clyde Gallagher Point",1989-03-27,mbrunstan8u@skype.com
320,Misty Pedrocchi,"9448 Helena Terrace",1989-08-27,mpedrocchi8v@google.co.uk
321,Harvey Azema,"13489 Colorado Drive",1987-04-22,hazema8w@webnode.com
322,Benedick Bresnen,"023 Lukken Road",2001-12-07,bbresnen8x@umich.edu
323,Matilde Rime,"0 Towne Street",1985-04-20,mrime8y@theglobeandmail.com
324,Shina Corps,"3439 Summit Alley",1995-06-23,scorps8z@umn.edu
325,Nata Duckhouse,"379 Esker Street",2000-11-03,nduckhouse90@mediafire.com
326,Brinn Filpo,"02258 Bunting Park",1997-02-03,bfilpo91@house.gov
327,Emeline Secombe,"1 Prairie Rose Way",1988-01-06,esecombe92@ted.com
328,Catherine Joseland,"9630 Commercial Plaza",1990-01-22,cjoseland93@amazon.com
329,Suki Biasetti,"03 Hollow Ridge Pass",1997-04-14,sbiasetti94@flickr.com
330,Frasquito Bromehead,"039 Buena Vista Lane",1988-11-05,fbromehead95@artisteer.com
331,Rivkah Feldharker,"97124 Kennedy Alley",1987-07-01,rfeldharker96@google.co.jp
332,Dorie Balden,"50447 Acker Court",1991-09-17,dbalden97@prnewswire.com
333,Saxon Sharpous,"4 Fulton Alley",1989-12-17,ssharpous98@simplemachines.org
334,Daisy Gething,"59996 La Follette Road",1995-06-10,dgething99@newsvine.com
335,Kinsley Gosby,"6 Morning Trail",2000-11-08,kgosby9a@friendfeed.com
336,Dionis Kristiansen,"56 Old Gate Plaza",1991-10-26,dkristiansen9b@va.gov
337,Ruthe Behnecken,"9 Sunfield Center",2002-06-23,rbehnecken9c@sfgate.com
338,Uriel Gwilliam,"69 Longview Terrace",1996-09-08,ugwilliam9d@soundcloud.com
339,Sadye Frear,"3877 Southridge Avenue",1994-07-31,sfrear9e@163.com
340,Xymenes Gaffney,"19318 Kings Crossing",1995-01-11,xgaffney9f@dagondesign.com
341,Kimball Stanborough,"5 Kennedy Plaza",1999-01-21,kstanborough9g@ifeng.com
342,Abagael Swyer,"6 Sunfield Junction",1991-04-08,aswyer9h@blogtalkradio.com
343,Frannie Holmyard,"7 Stoughton Park",2002-07-26,fholmyard9i@thetimes.co.uk
344,Peyton Condit,"4 Valley Edge Center",1986-11-16,pcondit9j@fastcompany.com
345,Caesar Lentsch,"28301 Colorado Trail",1987-02-17,clentsch9k@dmoz.org
346,Elmore Lindop,"5 Bartillon Park",1987-03-14,elindop9l@google.co.uk
347,Deina Sunner,"0595 Weeping Birch Plaza",1986-07-04,dsunner9m@ed.gov
348,Inna Larchiere,"76 Barby Parkway",2000-03-04,ilarchiere9n@sohu.com
349,Dahlia Offer,"12414 Monica Park",1994-11-11,doffer9o@usda.gov
350,Stephannie Kleinholz,"62900 Anthes Way",2000-05-16,skleinholz9p@baidu.com
351,Gwenneth Terram,"110 Warrior Avenue",1994-06-13,gterram9q@opensource.org
352,Moyna Longrigg,"50348 Fremont Hill",1999-06-01,mlongrigg9r@biglobe.ne.jp
353,Marys Kalberer,"77555 Killdeer Road",2001-10-18,mkalberer9s@ed.gov
354,Raimund Kosel,"71 Fair Oaks Parkway",1993-03-22,rkosel9t@wikipedia.org
355,Lannie Wilacot,"4207 David Crossing",1998-01-05,lwilacot9u@samsung.com
356,Rurik Von Welldun,"6483 Valley Edge Center",1997-03-16,rvon9v@scientificamerican.com
357,Rossie Matton,"72 Holy Cross Drive",1985-05-19,rmatton9w@kickstarter.com
358,Leia Ranby,"20504 Oakridge Crossing",1990-08-30,lranby9x@ibm.com
359,Katrinka Spavins,"56 Starling Way",1991-04-02,kspavins9y@loc.gov
360,Leonerd Hallgath,"89 Fieldstone Hill",1985-09-27,lhallgath9z@imageshack.us
361,Gabriell Trewhela,"687 Aberg Parkway",1999-04-16,gtrewhelaa0@amazon.com
362,Reginauld Hefforde,"7 Straubel Street",1986-04-15,rheffordea1@mozilla.org
363,Shara Piperley,"6 Division Avenue",2001-04-14,spiperleya2@zimbio.com
364,Trever Heningham,"816 Roth Avenue",2000-08-09,theninghama3@sakura.ne.jp
365,Ernest Leasor,"7655 7th Terrace",1993-04-06,eleasora4@themeforest.net
366,Lawton Rochelle,"4567 Ohio Lane",2001-11-03,lrochellea5@youku.com
367,Valdemar Gilford,"8333 Cottonwood Point",2000-05-04,vgilforda6@fotki.com
368,Ahmad Balcombe,"5 Norway Maple Pass",2001-10-23,abalcombea7@miitbeian.gov.cn
369,Max Firbanks,"2201 Mallard Parkway",1987-04-25,mfirbanksa8@seattletimes.com
370,Margo Wickwarth,"230 Express Way",1990-08-17,mwickwartha9@tripadvisor.com
371,Cassaundra Pavy,"240 Dawn Plaza",1993-09-29,cpavyaa@bbc.co.uk
372,Robby Riply,"674 6th Lane",1985-03-25,rriplyab@sakura.ne.jp
373,Claude Growden,"977 David Lane",2000-07-19,cgrowdenac@sun.com
374,Putnem Peterkin,"67 Orin Alley",1985-07-18,ppeterkinad@github.com
375,Nanci Duce,"6 Mockingbird Lane",1993-10-10,nduceae@cdc.gov
376,Pattie Braams,"2 Paget Crossing",1991-04-14,pbraamsaf@cbsnews.com
377,Kissee Belitz,"28 Hoepker Terrace",1996-03-18,kbelitzag@ovh.net
378,Vinnie Lacasa,"52222 Graedel Crossing",1986-10-27,vlacasaah@istockphoto.com
379,Gamaliel Bools,"3 Victoria Court",1990-06-22,gboolsai@uiuc.edu
380,Gilly Duferie,"462 Vernon Circle",2002-02-10,gduferieaj@fda.gov
381,Jaymee Kilbane,"9 Moulton Alley",2000-03-19,jkilbaneak@skype.com
382,Denny Purcell,"90494 New Castle Terrace",1988-10-11,dpurcellal@dell.com
383,Flori Sherebrooke,"307 Park Meadow Street",1999-11-29,fsherebrookeam@twitpic.com
384,Catrina Durrington,"458 Merchant Place",2001-08-21,cdurringtonan@alexa.com
385,Marie-jeanne Rowthorn,"973 Anthes Lane",1995-08-10,mrowthornao@joomla.org
386,Ursa McPeice,"9933 Mayfield Crossing",1999-10-10,umcpeiceap@vistaprint.com
387,Clementine Le Marchand,"1098 Lindbergh Place",1996-02-02,cleaq@boston.com
388,Davide Nulty,"68 Daystar Way",1998-10-21,dnultyar@pbs.org
389,Bordie Goadsby,"30 Green Avenue",1990-02-07,bgoadsbyas@cam.ac.uk
390,Julie Jevon,"8 Forest Run Point",1990-01-30,jjevonat@linkedin.com
391,Faustine Bennellick,"914 Swallow Junction",1993-12-25,fbennellickau@dyndns.org
392,Mercedes Habbin,"489 Rutledge Junction",1985-12-23,mhabbinav@fotki.com
393,Jarid Bakes,"360 Farragut Street",1991-03-28,jbakesaw@chicagotribune.com
394,Kile Kinch,"4 Crowley Avenue",1989-07-01,kkinchax@berkeley.edu
395,Liliane Wrench,"643 Chive Avenue",1986-10-04,lwrenchay@bing.com
396,Desdemona Gunston,"6202 Farmco Crossing",1995-09-20,dgunstonaz@un.org
397,Kimberlyn MacDougal,"53919 Northwestern Road",1997-08-07,kmacdougalb0@ow.ly
398,Christel Hucke,"92744 Little Fleur Point",1997-02-16,chuckeb1@virginia.edu
399,Paton Ousley,"37 Oakridge Crossing",1986-08-15,pousleyb2@scientificamerican.com
400,Garwood Tuley,"51528 3rd Parkway",1989-10-01,gtuleyb3@edublogs.org
401,Tirrell Roff,"41 Stone Corner Drive",1989-06-14,troffb4@51.la
402,Malissa Bowfin,"3691 Ilene Avenue",1994-08-29,mbowfinb5@wikispaces.com
403,Thorstein Le Sarr,"7136 Gerald Way",2001-02-01,tleb6@ifeng.com
404,Nate Work,"78942 Pennsylvania Center",1996-05-25,nworkb7@surveymonkey.com
405,Maurits Macknish,"1031 Caliangt Road",1997-08-21,mmacknishb8@whitehouse.gov
406,Klarrisa Folli,"36983 Ryan Parkway",1989-05-07,kfollib9@myspace.com
407,Aurelie Meekin,"0 Boyd Circle",1999-03-27,ameekinba@issuu.com
408,Siouxie Rodger,"1 Spaight Avenue",1988-01-29,srodgerbb@columbia.edu
409,Llewellyn Briereton,"6 Talisman Circle",1998-03-11,lbrieretonbc@umn.edu
410,Rory Drew-Clifton,"2 Sugar Plaza",1993-05-18,rdrewcliftonbd@nhs.uk
411,Cami Coffey,"105 Autumn Leaf Parkway",1997-12-21,ccoffeybe@google.co.uk
412,Kleon Foreman,"19787 Golf View Center",1990-08-25,kforemanbf@vkontakte.ru
413,Alford McArd,"59 Killdeer Terrace",1996-06-16,amcardbg@ibm.com
414,Bartolemo Anscombe,"14105 Linden Circle",1991-04-22,banscombebh@hatena.ne.jp
415,Michell MacEvilly,"1 Elgar Drive",2002-07-24,mmacevillybi@t-online.de
416,Yelena Gaydon,"06 Forest Alley",2002-12-02,ygaydonbj@studiopress.com
417,Hedda Treamayne,"491 Beilfuss Terrace",1996-03-25,htreamaynebk@stanford.edu
418,Frasco Hewertson,"13036 6th Plaza",1997-08-01,fhewertsonbl@japanpost.jp
419,Ax Sidnell,"93 Cottonwood Center",1988-05-12,asidnellbm@tinypic.com
420,Del Sneden,"27534 2nd Circle",1997-02-16,dsnedenbn@example.com
421,Claudine Dorsey,"540 Fairview Lane",2000-02-12,cdorseybo@reuters.com
422,Misha Praundl,"1 Eagle Crest Avenue",1988-03-10,mpraundlbp@bluehost.com
423,Alex March,"22995 Scofield Way",2000-10-13,amarchbq@themeforest.net
424,Merilee Tedder,"23163 Vidon Alley",1994-11-24,mtedderbr@webmd.com
425,Tedman Collyns,"3 Marquette Plaza",1999-05-19,tcollynsbs@wikispaces.com
426,Janella Birrel,"0558 Acker Terrace",1995-06-01,jbirrelbt@ustream.tv
427,Heida Dawtry,"85576 Scoville Parkway",1988-09-06,hdawtrybu@storify.com
428,Gran Coenraets,"79619 Warrior Terrace",1995-01-28,gcoenraetsbv@java.com
429,Essy Cawthra,"7 Tony Drive",1990-04-15,ecawthrabw@army.mil
430,Saba Marioneau,"8 Del Sol Way",1994-02-28,smarioneaubx@nymag.com
431,Francine Whiteland,"1507 Vermont Parkway",1998-01-10,fwhitelandby@google.com.hk
432,Ali Praten,"465 Oak Way",2001-01-27,apratenbz@usda.gov
433,Goldie Tschirschky,"89 Dwight Pass",1989-04-12,gtschirschkyc0@ox.ac.uk
434,Stephani Golledge,"11 Ilene Street",1993-06-04,sgolledgec1@berkeley.edu
435,Ronnie Shills,"9 Oakridge Drive",2002-02-20,rshillsc2@cyberchimps.com
436,Phyllida Haffner,"8 Elka Junction",1986-07-22,phaffnerc3@ucla.edu
437,Curcio Parmer,"68 Delaware Place",1992-01-19,cparmerc4@google.ca
438,Heath Gouldeby,"2963 Dexter Crossing",1988-07-15,hgouldebyc5@cloudflare.com
439,Marlo Rykert,"55372 Cherokee Road",1992-11-03,mrykertc6@icio.us
440,Bealle De Cruz,"888 Bashford Court",1998-12-27,bdec7@wikimedia.org
441,Claudetta Bryceson,"60077 Little Fleur Crossing",1985-04-24,cbrycesonc8@yelp.com
442,Debby Juschka,"611 Rigney Pass",2002-10-08,djuschkac9@angelfire.com
443,Clemence Clynter,"091 Hovde Pass",1987-01-04,cclynterca@salon.com
444,Manolo Darridon,"0189 Stuart Lane",1994-06-06,mdarridoncb@smugmug.com
445,Ferguson Topp,"8803 Armistice Circle",1992-02-02,ftoppcc@stumbleupon.com
446,Locke Stainburn,"9 Hayes Drive",2002-04-10,lstainburncd@cnn.com
447,Willis Rearden,"08021 Packers Center",1994-11-24,wreardence@soup.io
448,Sherill Pinnocke,"501 Morrow Place",1986-03-27,spinnockecf@exblog.jp
449,Randie Whitland,"6 Pennsylvania Street",1992-01-14,rwhitlandcg@nbcnews.com
450,Harriot Kezor,"895 Kensington Junction",1985-08-16,hkezorch@arstechnica.com
451,Rosanne Dealy,"7187 Lerdahl Pass",1992-10-30,rdealyci@issuu.com
452,Sofie Biaggiotti,"8 Manufacturers Drive",1989-01-09,sbiaggiotticj@dedecms.com
453,Briny Rennles,"614 Vidon Trail",1989-02-12,brennlesck@friendfeed.com
454,Dallas Duckfield,"4801 Lakewood Gardens Road",2001-10-04,dduckfieldcl@ustream.tv
455,Ty Gabey,"8598 Scofield Center",1989-06-01,tgabeycm@yandex.ru
456,Kristoffer Brittin,"410 Novick Crossing",1994-10-25,kbrittincn@nasa.gov
457,Dunc Farnill,"74 Orin Lane",1985-03-31,dfarnillco@cisco.com
458,Harriet McCandie,"81 Carberry Road",1987-07-15,hmccandiecp@dion.ne.jp
459,Ricardo Jest,"3 Monument Point",1986-12-10,rjestcq@bbb.org
460,Chucho Caron,"42312 Waywood Drive",1997-10-05,ccaroncr@digg.com
461,Bernetta See,"23639 Brickson Park Place",1994-09-05,bseecs@washingtonpost.com
462,Ev Gregs,"11091 Morning Crossing",1986-10-26,egregsct@seesaa.net
463,Susi Luckwell,"6 Carpenter Alley",1987-12-16,sluckwellcu@amazonaws.com
464,Valle Akester,"6 Sunfield Junction",1990-12-21,vakestercv@mozilla.org
465,Ebenezer McArley,"7472 Roth Avenue",1995-08-17,emcarleycw@vistaprint.com
466,Jill Cardero,"1 Basil Plaza",2000-11-30,jcarderocx@nba.com
467,Dyanne Bozworth,"76386 Kenwood Terrace",1999-07-05,dbozworthcy@meetup.com
468,Kendricks Greatex,"96 Fair Oaks Alley",2001-03-05,kgreatexcz@google.com
469,Filbert Gifkins,"6039 Prairie Rose Hill",1990-03-17,fgifkinsd0@cpanel.net
470,Jessika D'Costa,"4666 Nancy Parkway",1986-07-07,jdcostad1@zdnet.com
471,Brien McAvaddy,"162 Bashford Drive",2000-07-18,bmcavaddyd2@twitter.com
472,Rickie Hiner,"0129 Nova Street",1988-01-01,rhinerd3@themeforest.net
473,Decca Santhouse,"23077 Northwestern Avenue",1993-07-07,dsanthoused4@globo.com
474,Zuzana Chantillon,"479 Dwight Drive",1994-08-27,zchantillond5@squidoo.com
475,Lorrin Mariot,"27 Spaight Pass",1992-01-16,lmariotd6@scribd.com
476,Thaddus Owlner,"384 Anzinger Road",1988-03-19,towlnerd7@storify.com
477,Che Norssister,"61 Gulseth Point",1996-12-05,cnorssisterd8@mapy.cz
478,Skipton Chattey,"54 Manufacturers Place",1992-10-03,schatteyd9@reddit.com
479,Nellie McGuinness,"962 Hauk Center",1998-02-15,nmcguinnessda@istockphoto.com
480,Christiano Strangman,"3 Independence Place",1999-05-03,cstrangmandb@xing.com
481,Nari Hinkes,"52802 Village Alley",2001-12-20,nhinkesdc@cam.ac.uk
482,Langsdon Dammarell,"6416 Homewood Avenue",1996-09-09,ldammarelldd@hubpages.com
483,Louisette Gregoletti,"29 Golden Leaf Hill",1999-10-01,lgregolettide@plala.or.jp
484,Dianne Alvar,"955 Straubel Lane",1999-12-22,dalvardf@theglobeandmail.com
485,Ken Maryet,"20695 Miller Point",1998-03-13,kmaryetdg@google.co.uk
486,Sonnnie McAlpine,"93 Cherokee Drive",1995-08-19,smcalpinedh@youku.com
487,Charlean Philps,"5053 Bunting Center",1992-04-09,cphilpsdi@imdb.com
488,Deni Ralestone,"5349 International Plaza",1998-07-12,dralestonedj@omniture.com
489,Sybil Boles,"1 Mesta Crossing",1998-07-31,sbolesdk@state.gov
490,Bank Senescall,"65 Knutson Way",1986-09-16,bsenescalldl@storify.com
491,Freemon Ardling,"90 Northland Street",1998-05-17,fardlingdm@uiuc.edu
492,Rora Casterton,"4208 Darwin Parkway",1993-03-29,rcastertondn@earthlink.net
493,Mozelle Linwood,"720 Warrior Pass",1985-01-17,mlinwooddo@china.com.cn
494,Elka Adamowicz,"298 Northfield Terrace",1990-09-21,eadamowiczdp@gov.uk
495,Berky Priestman,"1 Debra Parkway",1992-05-04,bpriestmandq@weebly.com
496,Carolina McBain,"5565 Havey Point",1994-04-13,cmcbaindr@de.vu
497,Rebbecca Gomersal,"599 Blaine Point",1991-04-22,rgomersalds@blogs.com
498,Reinald Hayzer,"6 Forster Alley",1997-02-17,rhayzerdt@newsvine.com
499,Dael Gatecliff,"9392 Buell Avenue",1992-10-21,dgatecliffdu@paginegialle.it
500,Danika Buttel,"50 Heffernan Avenue",1995-10-28,dbutteldv@google.pl
501,Bennie Rymour,"5 Mockingbird Way",1992-08-23,brymourdw@macromedia.com
502,Bayard Trewhitt,"68540 Graceland Street",1991-04-05,btrewhittdx@about.com
503,Doug Skyner,"2 4th Crossing",2001-10-01,dskynerdy@webnode.com
504,Richardo Dilston,"53419 Butterfield Point",1989-02-27,rdilstondz@shareasale.com
505,Marguerite Licciardo,"4 Forster Plaza",1990-02-05,mlicciardoe0@addtoany.com
506,Astrid Mobbs,"173 Delaware Hill",1995-04-29,amobbse1@icq.com
507,Kirstin Mance,"721 Mayfield Avenue",1990-10-19,kmancee2@reuters.com
508,Lawton Grancher,"401 1st Center",1998-11-19,lgranchere3@thetimes.co.uk
509,Diane Kasparski,"406 Fulton Alley",1997-09-27,dkasparskie4@ustream.tv
510,Immanuel Herreros,"8 Iowa Park",1996-06-22,iherrerose5@mac.com
511,Talia Vigors,"648 Messerschmidt Road",2002-03-26,tvigorse6@nationalgeographic.com
512,Nollie Portlock,"69 Eastlawn Place",1993-03-30,nportlocke7@blog.com
513,Rock Caret,"463 Farwell Court",1986-08-27,rcarete8@netvibes.com
514,Rina Sadat,"2515 Aberg Alley",1987-03-30,rsadate9@tripod.com
515,Jamill O'Kieran,"65 Gale Crossing",2002-07-23,jokieranea@diigo.com
516,Agnella Swindin,"8182 Mayfield Point",1995-11-11,aswindineb@themeforest.net
517,Guntar Adamczyk,"205 Mifflin Alley",1989-06-20,gadamczykec@berkeley.edu
518,Melonie Brosh,"034 Emmet Road",1985-05-27,mbroshed@miibeian.gov.cn
519,Judon Cumber,"21 Randy Crossing",1989-08-12,jcumberee@pagesperso-orange.fr
520,Larine Pringour,"4099 Schmedeman Way",1997-06-17,lpringouref@domainmarket.com
521,Mathe Markova,"20490 Vidon Street",1990-10-22,mmarkovaeg@biglobe.ne.jp
522,Madlen Whitebread,"37 Maple Wood Way",1995-11-06,mwhitebreadeh@home.pl
523,Merle Enderle,"97457 Pierstorff Terrace",1996-11-15,menderleei@scientificamerican.com
524,Leo Charpling,"1019 Eastlawn Park",1989-08-08,lcharplingej@flavors.me
525,Gerri Cuberley,"11 Northridge Plaza",1993-03-30,gcuberleyek@google.com.au
526,Nico Komorowski,"3990 Bartillon Junction",1993-04-28,nkomorowskiel@ning.com
527,Elisabeth Pakeman,"20 Ilene Road",1998-04-07,epakemanem@posterous.com
528,Tobit Storrs,"923 Sutherland Alley",1993-06-09,tstorrsen@discovery.com
529,Bertie Castel,"9945 Westend Crossing",1996-09-12,bcasteleo@icq.com
530,Rorie Phinnis,"6625 Huxley Way",1996-02-13,rphinnisep@pagesperso-orange.fr
531,Bernardine Binyon,"67344 Goodland Avenue",1990-11-07,bbinyoneq@jugem.jp
532,Ax Lermouth,"5580 Warrior Terrace",2001-02-09,alermouther@prweb.com
533,Sampson Petrovic,"0 Charing Cross Pass",1994-05-29,spetrovices@altervista.org
534,Orv Scarlin,"76255 Eagan Crossing",1987-07-18,oscarlinet@comsenz.com
535,Sibby Cripwell,"3 Homewood Place",1985-08-14,scripwelleu@virginia.edu
536,Lu Atmore,"38 Myrtle Court",1999-10-01,latmoreev@independent.co.uk
537,Cole Kielty,"814 Center Avenue",2001-08-04,ckieltyew@constantcontact.com
538,Vincent Thirtle,"28311 Shoshone Way",1993-11-23,vthirtleex@ucoz.com
539,Binnie Gaffey,"403 Sage Trail",1994-11-21,bgaffeyey@nhs.uk
540,Edna Thexton,"0062 Burning Wood Terrace",1993-10-21,ethextonez@ebay.co.uk
541,Dotti Rossey,"2902 Marcy Terrace",1989-03-20,drosseyf0@nbcnews.com
542,Jesselyn Swiffen,"9392 Del Sol Plaza",1998-04-20,jswiffenf1@tripod.com
543,Quinn Jewster,"59403 Eggendart Drive",1987-04-12,qjewsterf2@clickbank.net
544,Gayle Strafford,"62115 Macpherson Avenue",1997-03-15,gstraffordf3@exblog.jp
545,Mady Wilsdon,"7 Starling Street",1986-08-08,mwilsdonf4@msn.com
546,Zared Conaghy,"7 Petterle Court",2000-02-13,zconaghyf5@cbc.ca
547,Jody Chevalier,"24 8th Plaza",1995-03-29,jchevalierf6@netlog.com
548,Norah Gipp,"1 Spenser Junction",1990-12-28,ngippf7@hugedomains.com
549,Neda Exrol,"35 Farmco Alley",1995-03-04,nexrolf8@hostgator.com
550,Esme Iannetti,"38843 Kings Way",1986-10-29,eiannettif9@google.fr
551,Willie Warman,"7 Hazelcrest Drive",1986-11-11,wwarmanfa@bing.com
552,Loreen Pesak,"57678 Northport Center",1988-12-10,lpesakfb@vkontakte.ru
553,Frederich Orridge,"443 Barnett Place",1999-01-26,forridgefc@jugem.jp
554,Fifi Sharkey,"61235 Sachtjen Point",2001-09-15,fsharkeyfd@bing.com
555,Basil Geibel,"2 Autumn Leaf Circle",1995-06-16,bgeibelfe@so-net.ne.jp
556,Sydney Nutton,"61767 Farwell Road",1989-02-16,snuttonff@pbs.org
557,Halette Murrell,"79 Algoma Point",2002-02-01,hmurrellfg@ovh.net
558,Tamiko Petrushkevich,"3 Gale Center",1985-12-02,tpetrushkevichfh@bbc.co.uk
559,Tedra Killcross,"211 Arrowood Terrace",1996-07-27,tkillcrossfi@businessweek.com
560,Hubey MacMeekan,"13366 Mesta Terrace",2002-12-22,hmacmeekanfj@dailymail.co.uk
561,Anastasia Baldini,"5783 Acker Trail",1988-07-17,abaldinifk@gov.uk
562,Jewelle Pratchett,"6534 Melrose Parkway",1988-05-25,jpratchettfl@mozilla.com
563,Drusy Trighton,"57 Hagan Trail",2002-07-21,dtrightonfm@nasa.gov
564,Else Daborne,"1871 Bartelt Drive",2002-11-07,edabornefn@vimeo.com
565,Tomlin Fenners,"5 Daystar Street",1998-03-16,tfennersfo@mtv.com
566,Annette Conaghy,"013 Oneill Trail",1992-09-13,aconaghyfp@engadget.com
567,Mar Redemile,"0145 4th Road",1992-06-14,mredemilefq@cloudflare.com
568,Odetta Jodlkowski,"66868 Northview Street",2002-07-14,ojodlkowskifr@amazon.de
569,Fran Bools,"2561 Briar Crest Place",1987-10-02,fboolsfs@topsy.com
570,Antonetta Aleksankin,"93907 Upham Drive",1988-07-30,aaleksankinft@spotify.com
571,Winne Newlyn,"665 Westerfield Trail",1997-12-16,wnewlynfu@cam.ac.uk
572,Reinhard Davidovits,"2 Kensington Lane",1998-03-07,rdavidovitsfv@thetimes.co.uk
573,Lissie Thoumasson,"43965 Grasskamp Avenue",1996-05-22,lthoumassonfw@live.com
574,Latrena Wilcock,"08366 Stone Corner Center",1996-12-17,lwilcockfx@joomla.org
575,Siffre Kasparski,"6915 Bluejay Circle",1992-01-04,skasparskify@timesonline.co.uk
576,Alikee Roll,"74967 Gina Road",1992-07-24,arollfz@twitpic.com
577,Hall MacAnellye,"334 Schmedeman Court",1999-11-16,hmacanellyeg0@vimeo.com
578,Loella Lavelle,"491 Killdeer Road",1992-02-21,llavelleg1@ehow.com
579,Peggy Walters,"96 Service Alley",2000-10-24,pwaltersg2@ustream.tv
580,Francklin Comford,"8215 Autumn Leaf Crossing",1991-02-16,fcomfordg3@pbs.org
581,Mellisent Toretta,"599 Clemons Circle",1991-11-16,mtorettag4@amazon.com
582,Dorie Spincke,"11913 Delladonna Alley",1986-10-03,dspinckeg5@dyndns.org
583,Wallie Westcar,"990 Acker Park",2002-01-19,wwestcarg6@skyrock.com
584,Noel Mirralls,"480 Waubesa Crossing",1993-08-16,nmirrallsg7@google.co.uk
585,Natalina Bladder,"01 Nova Lane",1999-04-16,nbladderg8@nps.gov
586,Ofella Lechmere,"97013 Shoshone Terrace",2002-04-09,olechmereg9@wordpress.org
587,Susanetta Durran,"49 Reinke Center",1992-01-05,sdurranga@prweb.com
588,Corinna Hardisty,"9371 Acker Road",1996-10-31,chardistygb@salon.com
589,Roanna Rogan,"986 Homewood Park",2002-03-06,rrogangc@google.co.jp
590,Babs Dowd,"3480 Farragut Drive",1985-09-01,bdowdgd@ask.com
591,Gaston Jutson,"644 Brentwood Road",2000-06-28,gjutsonge@ovh.net
592,Lacey Wymer,"9 Weeping Birch Circle",1986-07-22,lwymergf@bigcartel.com
593,Gabriello O'Corrane,"313 6th Terrace",1989-04-15,gocorranegg@mozilla.org
594,Roger Brinkley,"1 Fuller Way",1992-04-30,rbrinkleygh@acquirethisname.com
595,Orville Petera,"4926 Independence Trail",2002-03-28,opeteragi@sun.com
596,Christye Oxford,"882 Dovetail Plaza",2001-08-06,coxfordgj@xinhuanet.com
597,Margo Dawidowicz,"19 Sutherland Trail",1991-10-20,mdawidowiczgk@twitter.com
598,Robbie Walrond,"008 Toban Alley",1987-12-17,rwalrondgl@diigo.com
599,Bobbe Dreghorn,"26 Golf View Parkway",1999-03-17,bdreghorngm@nymag.com
600,Krysta Jancey,"51683 Carey Plaza",1985-08-19,kjanceygn@washingtonpost.com
601,Evvie Cornborough,"997 Milwaukee Center",2002-12-02,ecornboroughgo@joomla.org
602,Bar Halkyard,"00 Oxford Hill",1989-08-19,bhalkyardgp@rambler.ru
603,Devon Tregian,"92 Utah Way",1986-10-27,dtregiangq@theglobeandmail.com
604,Tamarra Mulryan,"229 Dapin Alley",1997-03-04,tmulryangr@dropbox.com
605,Eadith Paladini,"4 Ryan Court",1997-11-11,epaladinigs@cnet.com
606,Colby Leahey,"7609 Old Shore Alley",1996-09-15,cleaheygt@networkadvertising.org
607,Virge Dibbert,"775 Lawn Junction",1988-08-26,vdibbertgu@free.fr
608,Conny Rehm,"5826 Red Cloud Crossing",1990-12-17,crehmgv@dailymotion.com
609,Mick Bursell,"7 Jackson Plaza",1995-05-28,mbursellgw@independent.co.uk
610,Eddie Guyver,"64070 Mitchell Court",1987-08-20,eguyvergx@state.gov
611,Alexandr Aubrey,"2 Kings Court",1994-12-08,aaubreygy@meetup.com
612,Philis Redgrove,"99 Vahlen Road",1999-03-04,predgrovegz@examiner.com
613,Aleece Tilby,"5381 Stoughton Street",1990-11-30,atilbyh0@sbwire.com
614,Bradan Steggals,"6 Basil Park",2000-09-15,bsteggalsh1@dion.ne.jp
615,Ruthanne Ruprich,"7 Jenna Parkway",1991-11-15,rruprichh2@mac.com
616,Nikoletta Gifkins,"48481 Arapahoe Park",2001-05-16,ngifkinsh3@oakley.com
617,Virgie Ollcott,"93 Comanche Hill",1995-07-19,vollcotth4@elegantthemes.com
618,Cherice Baddiley,"88753 Ridgeview Pass",1991-03-30,cbaddileyh5@globo.com
619,Sibel Smullen,"1 Lakewood Circle",1991-09-14,ssmullenh6@washington.edu
620,Loreen Feake,"08 Beilfuss Avenue",1989-01-13,lfeakeh7@mit.edu
621,Jackson Whyke,"2416 Milwaukee Circle",1985-10-30,jwhykeh8@apache.org
622,Adriena Attree,"33512 Autumn Leaf Circle",1987-08-11,aattreeh9@stumbleupon.com
623,Jenni Wapplington,"5 Glendale Drive",1986-07-23,jwapplingtonha@tiny.cc
624,Elysia Bunston,"7 Nelson Parkway",2002-04-24,ebunstonhb@ihg.com
625,Carolina Jeenes,"8104 Green Alley",2001-06-14,cjeeneshc@goo.ne.jp
626,Butch Dougharty,"52 Acker Center",1985-04-12,bdoughartyhd@dropbox.com
627,Dion Hakeworth,"62 Del Sol Street",1999-05-29,dhakeworthhe@live.com
628,Carolus Krelle,"296 Sachs Circle",1994-09-02,ckrellehf@parallels.com
629,Min Kyles,"102 Burning Wood Circle",1994-12-31,mkyleshg@pcworld.com
630,Mae Holston,"9 Sloan Drive",1987-01-10,mholstonhh@youtube.com
631,Phillie MacCathay,"709 Westend Avenue",1990-03-04,pmaccathayhi@sogou.com
632,Noby Havelin,"80 Fairfield Point",1985-05-19,nhavelinhj@indiatimes.com
633,Wiatt Stobie,"5 Service Parkway",1993-03-17,wstobiehk@shinystat.com
634,Innis Dawley,"5 Green Ridge Avenue",1996-07-27,idawleyhl@cnet.com
635,Clarinda Issitt,"278 Fremont Pass",1993-04-28,cissitthm@huffingtonpost.com
636,Robenia Foston,"4 Gulseth Hill",2000-11-05,rfostonhn@imdb.com
637,Vin Boyda,"21 Vidon Junction",1998-07-10,vboydaho@dot.gov
638,Jard Champneys,"61362 Sunfield Trail",1997-02-15,jchampneyshp@gov.uk
639,Lyndsay Muspratt,"65 Bowman Park",1999-03-22,lmuspratthq@bbb.org
640,Tawnya Hamblen,"1878 Surrey Junction",1991-08-23,thamblenhr@people.com.cn
641,Kaylil Besnard,"6 Sunnyside Center",1993-01-17,kbesnardhs@epa.gov
642,Lexie St. Quintin,"150 Golf View Way",1989-12-07,lstht@scientificamerican.com
643,Leanor Forst,"28 Center Park",1993-11-25,lforsthu@irs.gov
644,Tammy Eplett,"121 Schlimgen Lane",1987-04-16,tepletthv@usa.gov
645,Caroljean Kenna,"82 Vidon Park",1989-02-11,ckennahw@examiner.com
646,Avram Androck,"93870 Oxford Park",1988-08-26,aandrockhx@tumblr.com
647,Dorita Roglieri,"67132 Hagan Parkway",1999-03-21,droglierihy@google.fr
648,Kiah Mateus,"06511 Ridge Oak Way",1999-03-05,kmateushz@123-reg.co.uk
649,Kingsley Inott,"43146 Jenna Plaza",1987-10-05,kinotti0@toplist.cz
650,Thom Wyldbore,"04149 Meadow Valley Parkway",1992-11-23,twyldborei1@tiny.cc
651,Niko Strand,"3914 Clarendon Way",1987-05-15,nstrandi2@liveinternet.ru
652,Calley Cranton,"70 Susan Alley",1985-05-17,ccrantoni3@bravesites.com
653,Lissa Manuele,"47 Blackbird Place",1997-10-20,lmanuelei4@nasa.gov
654,Ethel Hodgins,"8 Menomonie Drive",1999-03-02,ehodginsi5@topsy.com
655,Tami Ricarde,"6518 Lillian Hill",1987-08-24,tricardei6@qq.com
656,Zeke Cotelard,"47 7th Avenue",1999-01-20,zcotelardi7@bizjournals.com
657,Lanie Glendinning,"78 3rd Point",1994-03-15,lglendinningi8@a8.net
658,Bobbye Hynson,"30 Ramsey Court",1997-12-20,bhynsoni9@dot.gov
659,Rania Dorie,"6946 Mariners Cove Street",1999-03-15,rdorieia@xrea.com
660,Griffie Ransfield,"96414 Nelson Trail",2001-12-28,gransfieldib@soup.io
661,Huntley Loseke,"79 Transport Center",2002-03-22,hlosekeic@ebay.com
662,Garth Claridge,"8 Dakota Drive",1996-02-06,gclaridgeid@nsw.gov.au
663,Agace Eckersley,"436 Homewood Crossing",1992-03-06,aeckersleyie@nyu.edu
664,Rebeka Duffet,"13689 Rigney Park",1991-07-22,rduffetif@ucsd.edu
665,Kaylil Coleby,"26378 North Place",1989-10-22,kcolebyig@fotki.com
666,Lenard Scholar,"3813 Gulseth Court",1990-01-23,lscholarih@slideshare.net
667,Samaria Chillcot,"73 Laurel Trail",1999-03-12,schillcotii@google.ca
668,Sutherland Leipelt,"478 Eagan Circle",1987-09-23,sleipeltij@purevolume.com
669,Lita Waberer,"768 Mendota Pass",2001-01-13,lwabererik@desdev.cn
670,Ralina Gehrels,"74 Oriole Lane",1993-11-12,rgehrelsil@house.gov
671,Cammi Crinion,"62 Monterey Center",1985-12-13,ccrinionim@omniture.com
672,Sileas Brownlea,"50514 Stuart Trail",1989-03-08,sbrownleain@lulu.com
673,Murdoch Lemary,"02 Grover Parkway",1996-07-09,mlemaryio@eventbrite.com
674,Pam Fidelus,"24 Ludington Trail",1988-12-26,pfidelusip@miibeian.gov.cn
675,Ricard Rapaport,"11216 Brentwood Plaza",1991-06-10,rrapaportiq@cisco.com
676,Edy Charles,"61120 Gale Street",1995-04-16,echarlesir@msu.edu
677,Marylinda Mosdill,"999 Cambridge Avenue",1991-02-10,mmosdillis@disqus.com
678,Korie Aleswell,"792 Debra Circle",1997-06-01,kaleswellit@diigo.com
679,Ennis Cosgrave,"62 Beilfuss Court",1998-08-28,ecosgraveiu@behance.net
680,Aloysia Gerold,"0 New Castle Way",1998-07-04,ageroldiv@dmoz.org
681,Puff Zold,"44 Burrows Way",1991-02-08,pzoldiw@rakuten.co.jp
682,Tim Bulley,"66117 Carpenter Center",1988-03-02,tbulleyix@godaddy.com
683,Wilmar Norcock,"43135 Killdeer Way",1991-05-13,wnorcockiy@seattletimes.com
684,Abeu Lighton,"38 Cottonwood Plaza",1987-06-15,alightoniz@yellowbook.com
685,Derick Barlas,"161 Novick Road",2001-07-22,dbarlasj0@state.tx.us
686,Raul Tomik,"11 Kenwood Street",1994-01-07,rtomikj1@google.pl
687,Jo-ann Pershouse,"0 Lakewood Gardens Circle",1987-11-13,jpershousej2@ovh.net
688,Benyamin Whorall,"848 Magdeline Way",1987-01-14,bwhorallj3@vkontakte.ru
689,Arlie Sabbin,"5 Derek Crossing",1990-07-10,asabbinj4@livejournal.com
690,Eloise Outlaw,"4 Sage Alley",1991-10-30,eoutlawj5@de.vu
691,Rowan Gowlett,"968 Blaine Trail",1997-10-16,rgowlettj6@psu.edu
692,Lorita Wheatcroft,"12 Leroy Parkway",1985-09-08,lwheatcroftj7@barnesandnoble.com
693,Kiersten Emloch,"815 Clove Crossing",1992-09-04,kemlochj8@hao123.com
694,Philly Giacoppoli,"7 Bluestem Avenue",1986-10-26,pgiacoppolij9@tamu.edu
695,Mel Dominetti,"0 Jenifer Plaza",2000-02-16,mdominettija@sciencedaily.com
696,Davin Gwilliam,"51 Oak Court",1999-06-05,dgwilliamjb@cargocollective.com
697,Clark Orlton,"93210 Westridge Plaza",1991-01-07,corltonjc@bloomberg.com
698,Melli Beamiss,"4448 Sullivan Pass",1990-05-01,mbeamissjd@dailymail.co.uk
699,Reeva Laneham,"511 Jenna Park",1996-10-10,rlanehamje@newyorker.com
700,Bird Veld,"85227 Donald Trail",1986-01-08,bveldjf@pbs.org
701,Renaldo Mant,"397 Jenna Plaza",1996-02-29,rmantjg@people.com.cn
702,Dario Chiplin,"8 3rd Park",1987-04-23,dchiplinjh@nps.gov
703,Camile Heliar,"8786 Old Shore Court",1988-02-13,cheliarji@webnode.com
704,Darcie McKiernan,"934 Florence Plaza",1994-01-22,dmckiernanjj@myspace.com
705,Moe Hasselby,"6355 Fairview Parkway",1997-07-31,mhasselbyjk@time.com
706,Teodora Gartery,"495 Knutson Avenue",1987-02-11,tgarteryjl@wordpress.com
707,Shelby Gateland,"47065 6th Road",2002-01-02,sgatelandjm@statcounter.com
708,Kally Cauldwell,"971 Summer Ridge Center",1994-05-10,kcauldwelljn@umich.edu
709,Trix Veregan,"0952 Butternut Crossing",1986-06-01,tvereganjo@newyorker.com
710,Lelah Dudek,"4 Scott Court",1990-09-16,ldudekjp@51.la
711,Luke Borkin,"1 Clemons Avenue",1990-06-07,lborkinjq@blogtalkradio.com
712,Zed MacMenamy,"97 Clove Center",1998-03-19,zmacmenamyjr@sourceforge.net
713,Dorita McNelly,"496 Hansons Court",1994-09-02,dmcnellyjs@home.pl
714,Parrnell Moyles,"551 Schiller Parkway",1997-02-03,pmoylesjt@about.com
715,Ajay Puttrell,"3 Pierstorff Center",1985-11-13,aputtrellju@intel.com
716,Forrest Willett,"98 Merry Terrace",1987-06-13,fwillettjv@yandex.ru
717,Shina Philcott,"0 Thompson Terrace",2002-12-12,sphilcottjw@virginia.edu
718,Lorita Dumbrell,"56 Lunder Parkway",1987-01-02,ldumbrelljx@wired.com
719,Cristabel Berling,"69 Bartillon Plaza",1999-12-08,cberlingjy@cmu.edu
720,Cookie Hanlon,"60129 Moland Point",1993-12-28,chanlonjz@amazon.co.uk
721,Carce McKilroe,"2306 Cambridge Crossing",1991-06-30,cmckilroek0@yandex.ru
722,Adena Treverton,"716 Loftsgordon Terrace",2000-09-12,atrevertonk1@seesaa.net
723,Jane Kilfedder,"56 Anthes Road",1989-03-11,jkilfedderk2@baidu.com
724,Domingo Sansom,"8 Dixon Crossing",2002-03-04,dsansomk3@seattletimes.com
725,Eli Dabinett,"51 Schlimgen Center",1997-06-03,edabinettk4@hostgator.com
726,Waverly Cozins,"5819 Roth Parkway",1993-10-20,wcozinsk5@indiegogo.com
727,Alejandro Scrannage,"987 Twin Pines Crossing",1985-02-27,ascrannagek6@wsj.com
728,Farah Benech,"510 Hallows Plaza",1988-10-06,fbenechk7@hostgator.com
729,Manon Totton,"0357 Golf View Drive",2002-06-02,mtottonk8@smugmug.com
730,Erich Crookall,"15 Dayton Junction",1990-09-09,ecrookallk9@skyrock.com
731,Opalina Tredgold,"78 Butternut Hill",1989-02-21,otredgoldka@uiuc.edu
732,Armand Anglim,"2539 Cardinal Drive",1988-11-24,aanglimkb@huffingtonpost.com
733,Bren Jeyes,"52372 Miller Trail",1988-01-24,bjeyeskc@jugem.jp
734,Helene Filchakov,"035 Bashford Point",1990-12-13,hfilchakovkd@vistaprint.com
735,Enid Freer,"4942 Reindahl Point",1989-08-31,efreerke@sourceforge.net
736,Bendick Gherardelli,"627 Bunker Hill Park",1989-07-26,bgherardellikf@sakura.ne.jp
737,Lettie Culkin,"9 Merrick Street",1988-02-19,lculkinkg@va.gov
738,Fiona Dobrowski,"73669 Sunfield Place",1990-03-08,fdobrowskikh@bbb.org
739,Adham Yarrow,"95 Jackson Park",1998-05-11,ayarrowki@livejournal.com
740,Celie Ledur,"9499 Claremont Circle",1989-04-29,cledurkj@acquirethisname.com
741,Ariel Ickeringill,"654 Mitchell Terrace",1987-08-07,aickeringillkk@scribd.com
742,Cam Cundict,"871 Lien Plaza",1988-01-19,ccundictkl@twitpic.com
743,Tobias Murty,"303 Northland Place",1991-03-08,tmurtykm@booking.com
744,Kile Hobble,"0 Columbus Circle",1994-03-11,khobblekn@upenn.edu
745,Philomena Mouse,"3180 Jenna Parkway",2000-10-07,pmouseko@whitehouse.gov
746,Reed Fevier,"9497 Waxwing Hill",1990-06-18,rfevierkp@multiply.com
747,Coriss Beardshaw,"109 Corben Point",1996-08-02,cbeardshawkq@thetimes.co.uk
748,Noel Gavagan,"40249 Sachs Lane",2002-05-01,ngavagankr@columbia.edu
749,Brockie Calan,"12804 Briar Crest Park",1995-04-10,bcalanks@theatlantic.com
750,Godard Chittleburgh,"9327 Florence Avenue",1995-09-20,gchittleburghkt@latimes.com
751,Holly-anne Carney,"6 Pleasure Circle",1989-01-13,hcarneyku@squidoo.com
752,Kale Tew,"6 Sunnyside Lane",1988-11-25,ktewkv@sbwire.com
753,Pavlov Bonnefin,"6272 Glendale Court",1991-12-27,pbonnefinkw@cdc.gov
754,Mufi Pixton,"1 Canary Center",1991-08-15,mpixtonkx@printfriendly.com
755,Norri Nadin,"61 7th Place",1991-09-26,nnadinky@alexa.com
756,Etienne Fishley,"574 Chive Way",1985-10-23,efishleykz@xing.com
757,Nady Kembley,"550 Roth Alley",1985-08-06,nkembleyl0@multiply.com
758,Jamil Mandrey,"86452 Harper Plaza",1986-02-08,jmandreyl1@dyndns.org
759,Nilson Ravenhills,"15 Main Street",1992-07-27,nravenhillsl2@youtube.com
760,Curry Anchor,"892 Main Drive",2001-12-14,canchorl3@chron.com
761,Clarie Mollnar,"83686 Schmedeman Road",1992-10-16,cmollnarl4@nifty.com
762,Gennie Kerrich,"221 Kings Avenue",1988-05-24,gkerrichl5@edublogs.org
763,Claudelle Stife,"3 Myrtle Avenue",1992-08-18,cstifel6@rediff.com
764,Toddy Dunbleton,"2 Artisan Street",1986-11-09,tdunbletonl7@arizona.edu
765,Rosita Stygall,"631 Melby Point",1998-01-21,rstygalll8@scientificamerican.com
766,Justus Isaak,"58062 Longview Park",2000-12-26,jisaakl9@csmonitor.com
767,Sophi Foulgham,"2 Waubesa Parkway",1985-03-04,sfoulghamla@amazon.de
768,Glenine Grzegorczyk,"6 International Hill",1989-11-27,ggrzegorczyklb@vkontakte.ru
769,Nicoli Gleder,"056 Prairie Rose Trail",1993-10-03,nglederlc@google.ru
770,Marilin Wyett,"644 Morning Alley",1996-04-25,mwyettld@huffingtonpost.com
771,Randene Whall,"2648 American Junction",1990-12-22,rwhallle@facebook.com
772,Abbi L'argent,"7 Anzinger Point",1994-10-15,alargentlf@shareasale.com
773,Beatrisa De Carteret,"00793 Merrick Court",1996-07-29,bdelg@nhs.uk
774,Charlotta Malkinson,"20 Jay Park",1993-04-06,cmalkinsonlh@umn.edu
775,Thorn Guilaem,"443 Hanson Parkway",1993-08-05,tguilaemli@ucsd.edu
776,Dewain Losel,"194 Kennedy Park",2001-04-03,dlosellj@nps.gov
777,Daryn Gussin,"80159 Weeping Birch Court",2001-10-03,dgussinlk@free.fr
778,August Kynman,"35792 Swallow Junction",2001-07-31,akynmanll@economist.com
779,Kirsteni Oubridge,"7 Declaration Parkway",2000-02-07,koubridgelm@studiopress.com
780,Dorian Eglise,"7 Raven Way",1995-07-22,degliseln@bandcamp.com
781,Phedra Cosely,"1 Stuart Road",1987-10-26,pcoselylo@dot.gov
782,Janey Hegdonne,"2287 Briar Crest Lane",1988-10-12,jhegdonnelp@tinypic.com
783,Cordelie Lichfield,"19 Sheridan Crossing",1993-12-11,clichfieldlq@hud.gov
784,Elora Whitworth,"7996 Roxbury Trail",1991-11-06,ewhitworthlr@google.es
785,Ray Rabbitt,"90504 Hauk Parkway",1989-04-19,rrabbittls@google.pl
786,Farris Tame,"97 Atwood Junction",1994-06-02,ftamelt@ow.ly
787,Octavius Signore,"691 Magdeline Drive",1985-03-05,osignorelu@google.co.uk
788,Barri Kensit,"7574 Oxford Junction",1987-02-07,bkensitlv@joomla.org
789,Adelina Stanyer,"6 Victoria Junction",1993-05-26,astanyerlw@google.ru
790,Rozanne Jorioz,"66040 Rowland Junction",1998-05-28,rjoriozlx@hugedomains.com
791,Linnea Viger,"96 Schlimgen Point",1992-11-16,lvigerly@mysql.com
792,Danna Willeson,"9 Northport Crossing",1989-10-21,dwillesonlz@example.com
793,Reade Collman,"38 Surrey Center",1999-02-03,rcollmanm0@friendfeed.com
794,Alvie Morales,"366 Harbort Hill",1995-09-06,amoralesm1@economist.com
795,Brenda Almey,"99 Ramsey Pass",1999-10-21,balmeym2@desdev.cn
796,Wye Bresman,"502 Moulton Parkway",2002-02-15,wbresmanm3@bing.com
797,Matthus Ickeringill,"1041 Lerdahl Hill",1992-08-08,mickeringillm4@webs.com
798,Dallas Meekins,"02953 Manitowish Center",1985-10-19,dmeekinsm5@answers.com
799,Meridith Phippen,"8 Roth Park",1995-03-08,mphippenm6@wikispaces.com
800,Ramonda Birdsey,"96749 Miller Plaza",2001-07-04,rbirdseym7@etsy.com
801,Honor Yakubovics,"70 Charing Cross Center",1995-10-05,hyakubovicsm8@purevolume.com
802,Mora Drinkwater,"542 5th Pass",2000-05-28,mdrinkwaterm9@tinypic.com
803,Danila Welland,"7 Springview Point",1997-07-18,dwellandma@1und1.de
804,Myrtle Calcott,"57133 Anzinger Park",1994-10-13,mcalcottmb@mozilla.com
805,Nari O'Fergus,"6 Oriole Plaza",1998-06-18,nofergusmc@amazon.co.uk
806,Lila Lockyear,"396 East Way",2000-04-09,llockyearmd@networkadvertising.org
807,Ike Harly,"79826 Farragut Terrace",1992-01-17,iharlyme@weather.com
808,Jackie Wildber,"1 Toban Hill",1991-11-18,jwildbermf@nature.com
809,Dena Treppas,"45 Anthes Hill",1993-12-04,dtreppasmg@hp.com
810,Renaldo Chelnam,"11721 Morning Point",1988-05-20,rchelnammh@shop-pro.jp
811,Vasily Reubel,"899 8th Center",1993-07-08,vreubelmi@engadget.com
812,Nerti Casassa,"50279 Luster Place",2001-09-26,ncasassamj@photobucket.com
813,Bartlett Trusler,"059 Monterey Center",1997-01-29,btruslermk@fema.gov
814,Reynold Meuse,"010 Lakeland Pass",1991-02-20,rmeuseml@com.com
815,Leigha Blanckley,"40 Sundown Hill",1995-08-10,lblanckleymm@drupal.org
816,Lazaro Boribal,"768 Forster Place",1998-05-08,lboribalmn@cbc.ca
817,Barris Salomon,"07 Northwestern Pass",1993-10-18,bsalomonmo@ted.com
818,Caralie Baus,"2192 Corben Crossing",1989-06-28,cbausmp@sitemeter.com
819,Marcelo Steynor,"6 Karstens Alley",1986-03-27,msteynormq@seattletimes.com
820,Kakalina Galbraith,"0025 Sugar Court",1989-02-03,kgalbraithmr@howstuffworks.com
821,El Vela,"91 Dapin Drive",2000-08-28,evelams@prlog.org
822,Janey Vequaud,"85103 Fuller Hill",1996-03-13,jvequaudmt@huffingtonpost.com
823,Arman Braidley,"8614 Rusk Point",1986-05-19,abraidleymu@furl.net
824,Selia Hanwell,"6841 Lukken Park",2001-03-17,shanwellmv@hhs.gov
825,Ellissa Sandle,"84 Birchwood Avenue",1996-04-10,esandlemw@howstuffworks.com
826,Judd Randales,"584 Doe Crossing Crossing",1999-01-11,jrandalesmx@bing.com
827,Johannah Cutting,"4 Dorton Junction",2000-01-21,jcuttingmy@ustream.tv
828,Padraig Stansall,"9 Leroy Plaza",1988-09-17,pstansallmz@accuweather.com
829,Beatrix Fernehough,"13 Reinke Street",1997-04-17,bfernehoughn0@google.co.jp
830,Sidoney Le Brom,"3 South Court",2002-11-03,slen1@jimdo.com
831,Tina Bon,"79 Leroy Crossing",2002-09-25,tbonn2@netlog.com
832,Ynez Deluce,"71 Paget Center",1988-04-30,ydelucen3@bravesites.com
833,Cassy Shadfourth,"3 Fair Oaks Junction",1999-06-18,cshadfourthn4@xrea.com
834,Kori Moggie,"9 Ridgeway Circle",1992-07-20,kmoggien5@tiny.cc
835,Courtnay Planque,"75 Vidon Place",1996-01-09,cplanquen6@discuz.net
836,Deena Hunting,"797 Victoria Court",1992-11-04,dhuntingn7@discuz.net
837,Jilly Iaduccelli,"74 Vermont Circle",1998-09-22,jiaduccellin8@google.com
838,Annamarie Scotchmer,"42 Little Fleur Lane",1986-10-26,ascotchmern9@weebly.com
839,Jaquith Birkbeck,"37972 Pawling Road",1989-10-17,jbirkbeckna@nsw.gov.au
840,Ethelred Fardon,"72 Katie Court",1994-09-15,efardonnb@house.gov
841,Friedrick MacGeaney,"0341 Rowland Hill",1989-03-17,fmacgeaneync@prnewswire.com
842,Farah Musgrave,"5 Mcguire Plaza",1989-09-03,fmusgravend@economist.com
843,Lewiss Pizey,"6 Debra Parkway",1994-02-05,lpizeyne@ehow.com
844,Tobye Mapletoft,"33 Westerfield Junction",1988-01-16,tmapletoftnf@desdev.cn
845,Byran Helkin,"0169 Pennsylvania Plaza",1985-11-13,bhelkinng@comcast.net
846,Dillon Brunt,"64 Weeping Birch Junction",1998-10-23,dbruntnh@boston.com
847,Bobine Gajewski,"674 Summerview Park",1986-06-15,bgajewskini@bing.com
848,Andra Otterwell,"54869 Comanche Plaza",1997-12-14,aotterwellnj@blogger.com
849,Gianina Kembley,"3479 Hazelcrest Place",1999-04-14,gkembleynk@amazonaws.com
850,Cory Scogin,"5 Larry Alley",1999-01-15,cscoginnl@nps.gov
851,Ernst Prujean,"0 Sullivan Way",1991-01-06,eprujeannm@cbsnews.com
852,Freddie Dabney,"956 Emmet Plaza",1994-09-23,fdabneynn@noaa.gov
853,Auroora Mabbitt,"7 Chinook Junction",1988-06-24,amabbittno@google.nl
854,Lexine Axten,"53554 Waywood Place",1995-11-29,laxtennp@hp.com
855,Sancho Tremblot,"9 Debra Terrace",1994-06-12,stremblotnq@techcrunch.com
856,Oona Pulsford,"5034 Transport Drive",1998-07-07,opulsfordnr@globo.com
857,Sol Welland,"90 Hanover Lane",1998-10-27,swellandns@nba.com
858,Bondon De Gogay,"60096 Anniversary Junction",1988-09-24,bdent@marketwatch.com
859,Lorettalorna Tatteshall,"1152 7th Center",2000-11-25,ltatteshallnu@psu.edu
860,Niles Schirach,"40868 Service Street",1986-10-01,nschirachnv@howstuffworks.com
861,Evvie Richarson,"9705 Roth Hill",1995-08-08,ericharsonnw@instagram.com
862,Linc Seamer,"765 Oneill Street",1992-01-09,lseamernx@sogou.com
863,Ram Comiam,"020 Summerview Pass",1998-08-20,rcomiamny@php.net
864,Patty Edel,"9591 Jenifer Hill",1991-04-23,pedelnz@mozilla.org
865,Lanette MacShirrie,"66 Manufacturers Crossing",1999-11-05,lmacshirrieo0@desdev.cn
866,Caralie Laister,"71541 Doe Crossing Circle",1994-03-27,claistero1@wisc.edu
867,Kelvin Pendleberry,"0205 Buhler Hill",1991-10-02,kpendleberryo2@go.com
868,Robb Bru,"43323 Marquette Alley",2000-02-14,rbruo3@meetup.com
869,Jewel Norssister,"90 Judy Avenue",2002-06-22,jnorssistero4@fema.gov
870,Geoffrey Nisby,"609 Blackbird Avenue",2002-10-26,gnisbyo5@bluehost.com
871,Luca Valadez,"2993 Bay Crossing",1998-09-11,lvaladezo6@livejournal.com
872,Sela Kyte,"05488 Buhler Crossing",1990-04-13,skyteo7@chicagotribune.com
873,Silvio Sissland,"80 Porter Drive",2001-09-01,ssisslando8@usnews.com
874,Candida Eddicott,"3 Manufacturers Avenue",1987-09-05,ceddicotto9@sciencedaily.com
875,Dayna Spores,"3 Hooker Way",1989-06-13,dsporesoa@google.com.hk
876,Catlee Voelker,"6 Lighthouse Bay Circle",2001-08-03,cvoelkerob@ft.com
877,Genevieve Brockbank,"482 Graedel Court",1994-12-06,gbrockbankoc@netlog.com
878,Laryssa Guyver,"5364 Arapahoe Crossing",1997-08-21,lguyverod@studiopress.com
879,Lorrie Verlinde,"67 Village Green Parkway",2002-06-25,lverlindeoe@answers.com
880,Georgena Colman,"3 Thierer Crossing",1999-01-07,gcolmanof@people.com.cn
881,Claudell Boar,"7 Eagle Crest Park",1994-12-21,cboarog@bandcamp.com
882,Letty Starten,"0616 Pierstorff Way",1997-09-12,lstartenoh@rakuten.co.jp
883,Elvira Youhill,"66 Del Mar Parkway",1991-09-04,eyouhilloi@trellian.com
884,Val Smewin,"1 Sachs Park",1988-10-29,vsmewinoj@answers.com
885,Claresta Bickardike,"3571 Southridge Alley",1986-05-16,cbickardikeok@seesaa.net
886,Sebastian Matthessen,"37 Tennessee Hill",1986-04-18,smatthessenol@omniture.com
887,Gonzales Yakutin,"7079 Harbort Road",2001-03-30,gyakutinom@wunderground.com
888,Nedi Croxley,"7 Erie Parkway",1992-04-09,ncroxleyon@webeden.co.uk
889,Cornie Cariss,"9531 Basil Alley",1994-07-15,ccarissoo@shutterfly.com
890,Helenelizabeth Chamberlain,"5 Sutherland Drive",1992-09-06,hchamberlainop@elpais.com
891,Vin Renzo,"4 West Park",1987-07-01,vrenzooq@usatoday.com
892,Odille Buxton,"670 Linden Park",2000-09-04,obuxtonor@51.la
893,Wilt Mulligan,"43 Center Street",1996-06-20,wmulliganos@jimdo.com
894,Morganica Huffey,"6428 Kennedy Pass",1989-03-23,mhuffeyot@yale.edu
895,Teddie Bignall,"21177 Granby Alley",1985-05-25,tbignallou@dell.com
896,Arnoldo Stripp,"9 Dottie Hill",1999-03-21,astrippov@apple.com
897,Wallache Pyffe,"592 Acker Lane",1988-10-03,wpyffeow@amazon.co.uk
898,Min Lohden,"28934 Tomscot Road",1988-08-09,mlohdenox@cdbaby.com
899,Georgetta Dohms,"51831 Pennsylvania Hill",2000-05-24,gdohmsoy@mozilla.com
900,Bryant Dominka,"861 Merchant Park",1990-12-18,bdominkaoz@fastcompany.com
901,Asia Galtone,"052 Mcguire Parkway",2000-05-20,agaltonep0@elegantthemes.com
902,Jonah Leggat,"80051 Kings Circle",1994-09-10,jleggatp1@china.com.cn
903,Panchito Christoffersen,"5 Novick Center",2001-03-03,pchristoffersenp2@archive.org
904,Konstantine Cholwell,"407 Badeau Street",2002-08-31,kcholwellp3@miibeian.gov.cn
905,Shadow Itzhak,"3 Monument Crossing",2000-07-10,sitzhakp4@diigo.com
906,Annabelle MacArd,"9 Sullivan Street",1992-09-20,amacardp5@bandcamp.com
907,Dulce Pentycross,"93 Luster Center",2001-03-15,dpentycrossp6@sciencedaily.com
908,Marsh Nansom,"47 Buhler Hill",1993-11-23,mnansomp7@theatlantic.com
909,Cristian Brizland,"34 Surrey Circle",2001-02-02,cbrizlandp8@mozilla.org
910,Bab Evenden,"6 Vernon Street",1991-07-25,bevendenp9@wsj.com
911,Gun Chasen,"8 Shelley Alley",1992-11-22,gchasenpa@blogtalkradio.com
912,Phylys Carrington,"98400 Fair Oaks Hill",1994-05-27,pcarringtonpb@booking.com
913,Vinni Vineall,"70 Roth Pass",2002-01-14,vvineallpc@wufoo.com
914,Merwyn Kensington,"5697 Sage Crossing",1993-12-28,mkensingtonpd@msn.com
915,Rosalind Mealing,"09 Chinook Court",2002-03-25,rmealingpe@bbc.co.uk
916,Winny Vasic,"506 Valley Edge Plaza",1988-06-19,wvasicpf@nytimes.com
917,Hermie Locke,"89 Manufacturers Terrace",1999-06-24,hlockepg@statcounter.com
918,Jeanelle Olensby,"8 Kensington Court",1992-05-23,jolensbyph@apple.com
919,Murry Weatherburn,"1 Eliot Alley",2002-04-08,mweatherburnpi@imdb.com
920,Kaylil McAlpin,"9138 Eastwood Drive",1985-02-06,kmcalpinpj@amazon.co.uk
921,Osbert Casey,"4 Susan Terrace",1985-12-25,ocaseypk@yellowpages.com
922,Valma Barstowk,"9332 Moose Avenue",2001-03-27,vbarstowkpl@devhub.com
923,Alric Hinkensen,"0 Jay Lane",1992-12-26,ahinkensenpm@tripod.com
924,Ximenez Chue,"952 Old Gate Drive",2001-11-23,xchuepn@va.gov
925,Cecelia Woodus,"310 Luster Road",1987-06-14,cwooduspo@tuttocitta.it
926,Carline Abrahams,"45 Eastlawn Way",1995-09-11,cabrahamspp@vkontakte.ru
927,Egor Schuster,"36067 Bultman Place",1998-07-28,eschusterpq@360.cn
928,Arline Zanitti,"9 Transport Drive",2000-01-06,azanittipr@answers.com
929,Leonhard Goodanew,"6994 Blaine Way",1990-06-26,lgoodanewps@privacy.gov.au
930,Gaston Wilsone,"0 Farwell Lane",1986-02-24,gwilsonept@accuweather.com
931,Alaster Walklett,"7 Tennessee Alley",1988-02-05,awalklettpu@histats.com
932,Arden O'Cannavan,"0 Clove Park",1995-07-04,aocannavanpv@lycos.com
933,Leonerd Domokos,"501 Lukken Junction",1987-02-09,ldomokospw@hubpages.com
934,Perry Nelligan,"8 West Junction",1996-04-02,pnelliganpx@yellowbook.com
935,Amie McPhater,"3980 Vermont Plaza",1987-06-27,amcphaterpy@hp.com
936,Archibald Webber,"3 Tennessee Park",1990-11-17,awebberpz@wikimedia.org
937,Tymothy Ridder,"32 Johnson Place",1989-09-20,tridderq0@hatena.ne.jp
938,Laina Honywill,"80855 Russell Street",1987-01-15,lhonywillq1@woothemes.com
939,Simonette Piggott,"635 Thierer Park",1991-11-02,spiggottq2@smugmug.com
940,Pascale Flarity,"1207 Center Hill",2001-08-17,pflarityq3@g.co
941,Celle Garnett,"7 Mesta Crossing",1998-02-11,cgarnettq4@xrea.com
942,Darla Bramer,"5991 Harper Crossing",1996-09-12,dbramerq5@google.com
943,Jammal Spincke,"32 Summerview Park",1997-07-24,jspinckeq6@latimes.com
944,Corette Breache,"9 Moland Hill",1995-02-05,cbreacheq7@ning.com
945,Johnnie Stanyforth,"43 Algoma Lane",2000-04-28,jstanyforthq8@tumblr.com
946,Christoforo Proswell,"9 Goodland Trail",1993-04-14,cproswellq9@woothemes.com
947,Nilson Hessay,"55213 Barby Junction",1999-05-16,nhessayqa@google.es
948,Gayel Morais,"18 Hermina Crossing",1999-09-20,gmoraisqb@wix.com
949,Templeton Eyers,"96153 School Plaza",1986-04-21,teyersqc@reuters.com
950,Zollie Soane,"84 Express Parkway",2002-12-02,zsoaneqd@ning.com
951,Ardene Bensusan,"07356 Dakota Road",1993-01-28,abensusanqe@bandcamp.com
952,Tabbie Bougen,"62 Jackson Point",2001-03-08,tbougenqf@de.vu
953,Constantine Hunsworth,"0 Tennessee Trail",1986-09-16,chunsworthqg@ocn.ne.jp
954,Mirabelle Oldnall,"5 Dovetail Pass",1997-12-20,moldnallqh@slashdot.org
955,Koo Lindmark,"6 Larry Court",1989-02-17,klindmarkqi@pcworld.com
956,Kimmi Toulson,"9478 Cascade Plaza",1989-05-06,ktoulsonqj@histats.com
957,Luciano Bogaert,"853 Miller Plaza",1994-11-19,lbogaertqk@hp.com
958,Riccardo Alves,"48725 Namekagon Avenue",1999-01-21,ralvesql@live.com
959,Yank Gimber,"982 Oak Crossing",1988-08-03,ygimberqm@apple.com
960,Eleanora Peddowe,"2 Donald Lane",1991-08-13,epeddoweqn@studiopress.com
961,Natala Staddom,"71 Esch Terrace",1997-05-18,nstaddomqo@opera.com
962,Elsbeth Capey,"552 Clyde Gallagher Place",1989-04-06,ecapeyqp@prweb.com
963,Si MacKomb,"78 Basil Lane",1995-10-15,smackombqq@sina.com.cn
964,Guthry Episcopio,"837 Schiller Way",1995-07-15,gepiscopioqr@columbia.edu
965,Morris Millthorpe,"873 Glendale Hill",1991-05-07,mmillthorpeqs@yellowbook.com
966,Lidia Boyland,"601 Blackbird Parkway",1998-05-27,lboylandqt@paypal.com
967,Say Took,"6 Gerald Plaza",1985-06-03,stookqu@sbwire.com
968,Hillier Sullens,"814 Homewood Avenue",1999-05-15,hsullensqv@nhs.uk
969,Quinn Bray,"89 Texas Drive",1987-12-30,qbrayqw@businesswire.com
970,Rogerio Dottridge,"91861 Golf Course Pass",1992-07-01,rdottridgeqx@earthlink.net
971,Cindelyn Seakings,"5623 Carberry Trail",2002-03-17,cseakingsqy@free.fr
972,Riobard Beeble,"5 Center Trail",1996-12-01,rbeebleqz@china.com.cn
973,Winifield Inkpin,"8 Kedzie Park",1995-02-17,winkpinr0@pinterest.com
974,Halie Burgwyn,"2427 Pine View Alley",1998-01-27,hburgwynr1@cloudflare.com
975,Bradly Guerre,"8 Arapahoe Junction",2001-08-17,bguerrer2@dell.com
976,Bayard Brennans,"4759 Brentwood Alley",1991-01-29,bbrennansr3@sfgate.com
977,Skylar McRobbie,"32 Talmadge Terrace",1996-07-22,smcrobbier4@people.com.cn
978,Launce Itzakson,"3 Farragut Place",1993-06-06,litzaksonr5@google.it
979,Terza Gobel,"1 Clove Alley",1995-03-17,tgobelr6@opensource.org
980,Rosita Melmeth,"3994 Paget Circle",1990-11-11,rmelmethr7@samsung.com
981,Babbette Sydry,"8497 Laurel Point",1990-12-28,bsydryr8@chicagotribune.com
982,Leonora Cordrey,"5 Clemons Place",1997-12-02,lcordreyr9@mozilla.org
983,Baryram Stubbings,"2 Carpenter Street",1991-09-16,bstubbingsra@purevolume.com
984,Flossi Jordine,"98 Onsgard Circle",1987-02-05,fjordinerb@cloudflare.com
985,Luci Whitelock,"8761 Derek Circle",1989-11-22,lwhitelockrc@deliciousdays.com
986,Berry Saller,"033 Columbus Park",1992-03-15,bsallerrd@stanford.edu
987,Licha Yglesia,"65160 Oxford Park",1985-04-20,lyglesiare@marketwatch.com
988,Clarinda Chippindale,"6444 Twin Pines Terrace",1997-03-12,cchippindalerf@yelp.com
989,Justino McCosh,"85695 Scofield Pass",1989-03-18,jmccoshrg@odnoklassniki.ru
990,Toinette Berrow,"135 Westridge Circle",1990-03-19,tberrowrh@paypal.com
991,Nina Leavesley,"03454 Pearson Drive",1987-05-15,nleavesleyri@msu.edu
992,Robby Fuge,"00 Hanson Pass",1989-04-09,rfugerj@nydailynews.com
993,Ludovico Marikhin,"45087 David Center",2002-12-31,lmarikhinrk@oakley.com
994,Kial Fletham,"8535 Sunfield Lane",1990-04-10,kflethamrl@tiny.cc
995,Ryan Waadenburg,"282 Bobwhite Hill",1987-09-08,rwaadenburgrm@businessinsider.com
996,Francoise Jager,"1 7th Way",1999-04-07,fjagerrn@so-net.ne.jp
997,Joella Saunder,"6668 Garrison Crossing",1996-06-05,jsaunderro@uol.com.br
998,Aeriela Simonian,"7 Redwing Plaza",1991-11-17,asimonianrp@ihg.com
999,Meta Salvador,"629 Westerfield Avenue",2001-09-05,msalvadorrq@infoseek.co.jp
1000,Gabie Millsom,"7 Dakota Plaza",2000-07-20,gmillsomrr@deliciousdays.com
