"customer_id","customer_name","customer_address","customer_birthday","customer_email"
1,Anna-maria Lamba,"8 Prairieview Alley",1990-07-27,alamba1@ted.com
2,Kim Coonihan,"3 Hanson Center",1992-05-26,kcoonihan2@angelfire.com
3,Lanny Vasse,"9 Westridge Alley",2003-06-12,lvasse3@pbs.org
4,Alice Treneman,"68462 Meadow Valley Drive",1995-07-26,atreneman4@cmu.edu
5,Flo Morant,"2453 Crescent Oaks Avenue",1997-10-31,fmorant5@shinystat.com
6,Collen Hammand,"198 Ruskin Drive",1999-03-15,chammand6@photobucket.com
7,Hermia Sonnenschein,"7 Moulton Alley",2003-03-24,hsonnenschein7@ftc.gov
8,Effie Cadd,"27967 Knutson Hill",1998-04-03,ecadd8@theguardian.com
9,Ingamar Connah,"182 Anhalt Drive",1997-06-04,iconnah9@amazonaws.com
10,Gabie Nelissen,"46546 Truax Parkway",1997-07-31,gnelissena@icio.us
11,Corby Antonin,"05 Jenna Plaza",2004-12-05,cantoninb@friendfeed.com
12,Harriet Le Jean,"2218 Oak Plaza",1996-09-10,hlec@paginegialle.it
13,Johnette Margach,"61 Larry Parkway",1994-11-06,jmargachd@dot.gov
14,Sophie Lathom,"74739 Orin Road",1994-06-20,slathome@nps.gov
15,Vilma Liveley,"21348 Meadow Ridge Center",1995-07-25,vliveleyf@sogou.com
16,Farand Checcuzzi,"737 Hagan Park",1997-10-22,fcheccuzzig@yahoo.com
17,Theo Nield,"89 Melody Trail",2003-02-23,tnieldh@globo.com
18,Laure Trevor,"3792 Paget Way",2004-02-10,ltrevori@guardian.co.uk
19,Nicki Poulston,"98 Northridge Way",2000-12-23,npoulstonj@sphinn.com
20,Llewellyn Sherborne,"7531 Homewood Drive",1996-11-18,lsherbornek@edublogs.org
21,Doyle Rogister,"1 Schiller Center",1997-10-18,drogisterl@jigsy.com
22,Reggy Oboy,"127 Cambridge Drive",2003-04-27,roboym@pinterest.com
23,Sherrie Synnot,"2493 Stephen Circle",1996-11-19,ssynnotn@163.com
24,Issie Castletine,"88674 Eastwood Terrace",1995-12-18,icastletineo@goodreads.com
25,Darelle Linturn,"0 Dexter Crossing",2002-01-20,dlinturnp@economist.com
26,Windy Cathie,"629 Upham Road",1993-06-04,wcathieq@hostgator.com
27,Louisa Bustin,"90 Prairie Rose Street",2002-04-17,lbustinr@gmpg.org
28,Issi Youngman,"602 Spaight Point",1998-06-20,iyoungmans@livejournal.com
29,Farrand Bonny,"24948 Hanson Street",2003-07-05,fbonnyt@ebay.com
30,Junina Matcham,"4 Boyd Circle",1998-04-26,jmatchamu@yellowbook.com
31,Kendra Ness,"1620 Charing Cross Plaza",1992-06-26,knessv@amazon.com
32,Bryon Dossantos,"66973 Dayton Street",2002-06-27,bdossantosw@businesswire.com
33,Shoshana Seabourne,"7663 Anthes Street",1994-05-23,sseabournex@multiply.com
34,Guss Gallard,"5283 Mccormick Circle",1996-05-03,ggallardy@bravesites.com
35,Camile LeEstut,"640 Prairieview Point",1999-09-17,cleestutz@is.gd
36,Katee Regglar,"69598 Bellgrove Plaza",2000-03-11,kregglar10@cpanel.net
37,Cecil Wickey,"117 Packers Center",1995-03-25,cwickey11@cisco.com
38,Jaclin Fullard,"24 Barnett Park",1993-03-14,jfullard12@oaic.gov.au
39,Ado Howler,"6627 Fieldstone Street",2000-09-05,ahowler13@wired.com
40,Sarene Allett,"45821 Monument Alley",2003-07-05,sallett14@cbslocal.com
41,Demott Dockerty,"6336 Washington Hill",1995-01-16,ddockerty15@google.es
42,Obidiah Varsey,"08 Sheridan Pass",1995-11-11,ovarsey16@lycos.com
43,Elli Bewly,"7 Goodland Street",2003-04-17,ebewly17@printfriendly.com
44,Ruggiero McQuarrie,"1 Bayside Avenue",2004-07-09,rmcquarrie18@zdnet.com
45,Winonah Ferrige,"0422 Memorial Terrace",1999-10-03,wferrige19@devhub.com
46,Doloritas Kunkel,"7970 Dryden Alley",1999-12-08,dkunkel1a@devhub.com
47,Gaven Boyes,"3 Buell Park",1998-07-15,gboyes1b@technorati.com
48,Darlleen Mapp,"78 Hayes Plaza",2001-08-19,dmapp1c@istockphoto.com
49,Sacha Surtees,"28 Oriole Parkway",2003-08-28,ssurtees1d@cyberchimps.com
50,Germayne Shoebottom,"46 Aberg Road",1992-06-11,gshoebottom1e@bizjournals.com
51,Trumann Verheijden,"4 Kingsford Pass",2002-04-07,tverheijden1f@woothemes.com
52,Skipton Hurlestone,"1915 Northview Park",1993-01-03,shurlestone1g@huffingtonpost.com
53,Vickie Haughey,"6 Portage Pass",1993-03-02,vhaughey1h@globo.com
54,Aristotle Brehat,"56 Grover Trail",1990-08-15,abrehat1i@pinterest.com
55,Herrick Ockland,"2579 Veith Way",1996-03-09,hockland1j@nature.com
56,Jacinda Tunny,"0 Leroy Park",1998-12-15,jtunny1k@webeden.co.uk
57,Archer Aylett,"06 Oak Valley Park",1990-05-29,aaylett1l@stumbleupon.com
58,Stormi Radcliffe,"9891 Anthes Place",2003-04-21,sradcliffe1m@spotify.com
59,Heddi Gianninotti,"8 Lakeland Court",1992-11-27,hgianninotti1n@php.net
60,Charlie Bryde,"75 5th Avenue",1990-04-08,cbryde1o@jalbum.net
61,Mario Jessel,"1 Harper Street",1999-07-15,mjessel1p@dagondesign.com
62,Shannon Cartwight,"662 Brickson Park Junction",1999-03-02,scartwight1q@domainmarket.com
63,Saunderson Huscroft,"9 3rd Alley",2000-05-10,shuscroft1r@statcounter.com
64,Briano Whight,"9546 Eastlawn Road",1998-09-29,bwhight1s@sciencedirect.com
65,Min Paulus,"6547 Hovde Drive",2004-11-23,mpaulus1t@yolasite.com
66,Syman Bick,"15556 Northland Trail",1997-07-21,sbick1u@opensource.org
67,Beitris Assel,"5 International Trail",1991-12-02,bassel1v@parallels.com
68,Krishnah Winfrey,"9 Karstens Street",1991-10-18,kwinfrey1w@cocolog-nifty.com
69,Karisa Shipston,"56024 Eliot Court",1992-02-16,kshipston1x@dropbox.com
70,Gena Ferrieri,"035 1st Parkway",2001-07-31,gferrieri1y@bloglines.com
71,Hazel Porter,"51789 Mallory Junction",2002-10-30,hporter1z@people.com.cn
72,Mikol Burrass,"087 Tomscot Alley",2004-01-29,mburrass20@twitter.com
73,Glynn Richard,"64661 Anthes Plaza",1990-01-10,grichard21@about.me
74,Donia Yeldham,"98 Meadow Valley Avenue",1992-02-03,dyeldham22@tuttocitta.it
75,Sharline Gabits,"74 Monument Trail",1990-04-01,sgabits23@diigo.com
76,Bryan Eakly,"7641 Lakewood Gardens Street",1995-05-18,beakly24@archive.org
77,Gunter Biasini,"72 Granby Point",1996-08-19,gbiasini25@github.com
78,Idette Flemming,"0 Basil Center",1999-07-31,iflemming26@washingtonpost.com
79,Fae Yegorev,"83458 Johnson Place",2000-10-30,fyegorev27@paypal.com
80,Waylan Eddington,"572 Lawn Trail",1996-07-22,weddington28@smugmug.com
81,Carry Sturdgess,"00746 8th Road",2002-01-27,csturdgess29@godaddy.com
82,Alexandr Patel,"4 Eastlawn Place",2004-04-11,apatel2a@va.gov
83,Isidore Polino,"78444 Oak Pass",2003-11-30,ipolino2b@wikipedia.org
84,Tabina Blakeston,"30 Swallow Circle",2004-12-24,tblakeston2c@telegraph.co.uk
85,Guilbert Mea,"0689 Bashford Avenue",1998-01-02,gmea2d@zimbio.com
86,Bertrando Ridges,"6 Loomis Court",2002-12-24,bridges2e@amazon.co.jp
87,Jayson Munnion,"90500 Troy Place",1991-01-16,jmunnion2f@devhub.com
88,Zonda Freiburger,"74194 Mariners Cove Alley",1994-01-22,zfreiburger2g@fda.gov
89,Carri Ivchenko,"5038 Miller Hill",1997-08-09,civchenko2h@theatlantic.com
90,Sam Gulberg,"39573 Manitowish Court",1996-02-21,sgulberg2i@hao123.com
91,Kippie Silverston,"9 Claremont Trail",2003-12-03,ksilverston2j@amazon.co.jp
92,Theodora Hoyland,"39 Continental Point",1992-12-10,thoyland2k@bing.com
93,Rinaldo Bulpitt,"4 Sloan Alley",1996-08-19,rbulpitt2l@wikimedia.org
94,Pedro MacDunlevy,"56 Ludington Court",2000-06-12,pmacdunlevy2m@mapy.cz
95,Alanna Lepope,"4924 Russell Court",2004-11-21,alepope2n@barnesandnoble.com
96,Barbee Winspurr,"71155 Shasta Court",1993-02-04,bwinspurr2o@abc.net.au
97,Sherrie Berrill,"6406 Mcguire Point",1994-10-05,sberrill2p@ibm.com
98,Adrienne Lansbury,"05723 Green Drive",1993-11-18,alansbury2q@skyrock.com
99,Timothee Sudran,"99 Commercial Crossing",1999-06-30,tsudran2r@cbslocal.com
100,Nefen Halfhyde,"22 Tennessee Crossing",2000-07-24,nhalfhyde2s@gnu.org
101,Bridget Overell,"8 Ramsey Trail",1999-09-22,boverell2t@abc.net.au
102,Catharina McVee,"91 Anthes Avenue",1995-05-10,cmcvee2u@illinois.edu
103,Lyon Jovicevic,"46303 Cascade Plaza",1993-02-01,ljovicevic2v@tamu.edu
104,Keith MacCrosson,"05 Muir Junction",2002-03-24,kmaccrosson2w@senate.gov
105,Elfrida Sabathe,"8540 Sage Court",1998-12-01,esabathe2x@merriam-webster.com
106,Micheil Vanyutin,"3 High Crossing Place",1996-02-02,mvanyutin2y@newsvine.com
107,Regan Hercock,"3 Northland Street",1993-08-11,rhercock2z@booking.com
108,Laural Gingedale,"0100 Mosinee Road",1998-10-19,lgingedale30@theatlantic.com
109,Judas Croisier,"2357 Hanson Hill",1997-09-19,jcroisier31@cloudflare.com
110,Vickie Pringer,"0 Monument Drive",1997-02-28,vpringer32@biglobe.ne.jp
111,Moises Sample,"547 2nd Terrace",2004-01-20,msample33@vimeo.com
112,Arturo Peddel,"5593 Southridge Parkway",2002-04-10,apeddel34@reverbnation.com
113,Isa Goulston,"01978 Tomscot Parkway",1991-08-19,igoulston35@ameblo.jp
114,Laina Bentinck,"11 Basil Street",1992-08-28,lbentinck36@yelp.com
115,Nat Bocken,"1 Bay Junction",1991-09-04,nbocken37@epa.gov
116,Jess Witson,"400 Morrow Hill",1993-12-21,jwitson38@gmpg.org
117,Elbertina Stebbin,"4720 Fulton Avenue",2003-10-27,estebbin39@dagondesign.com
118,Kamilah von Grollmann,"767 Ridgeway Center",1991-09-03,kvon3a@amazon.de
119,Lonnard Folliss,"58 Eagan Point",1998-02-21,lfolliss3b@umn.edu
120,Chaddie Westoff,"38472 Ridge Oak Center",1993-09-23,cwestoff3c@telegraph.co.uk
121,Alta Davydzenko,"5 Becker Point",1995-05-18,adavydzenko3d@wikia.com
122,Edith Errett,"99 American Point",2000-11-04,eerrett3e@google.nl
123,Othilie Caret,"4001 Schlimgen Plaza",1990-06-04,ocaret3f@hhs.gov
124,Kanya Letty,"1 Namekagon Plaza",1992-05-07,kletty3g@google.ru
125,Norby Walburn,"913 Manufacturers Trail",1993-01-25,nwalburn3h@timesonline.co.uk
126,Gabbi Aldam,"5 Eagle Crest Crossing",2000-10-31,galdam3i@ucoz.com
127,Clemmy Swann,"9 Hollow Ridge Terrace",1994-04-12,cswann3j@google.fr
128,Forrest Ramble,"5922 Meadow Ridge Circle",1994-04-06,framble3k@fda.gov
129,Alfie Jerams,"0 Hauk Lane",1992-08-19,ajerams3l@aboutads.info
130,Austen Berkery,"828 Johnson Road",1994-01-04,aberkery3m@europa.eu
131,Aline Spritt,"608 Del Mar Point",1996-08-04,aspritt3n@bandcamp.com
132,Herman Lorroway,"08177 Garrison Junction",2004-06-23,hlorroway3o@aboutads.info
133,Roobbie Soles,"996 Green Terrace",1996-11-11,rsoles3p@cnbc.com
134,Odette Exroll,"6 Mockingbird Place",2003-01-05,oexroll3q@trellian.com
135,Emalee Coviello,"7 Redwing Alley",1997-11-14,ecoviello3r@jugem.jp
136,Ginnie Lampaert,"02059 Pond Street",1991-10-13,glampaert3s@utexas.edu
137,Marleen Persicke,"46798 Golf Plaza",1990-06-23,mpersicke3t@google.com
138,Trescha Wrey,"33 Clove Place",1992-11-18,twrey3u@t-online.de
139,Felisha Quinnelly,"13 Magdeline Parkway",1993-06-22,fquinnelly3v@cargocollective.com
140,Worthington Bolens,"6 Hanson Circle",1995-05-23,wbolens3w@amazonaws.com
141,Simon Sawday,"7858 Heath Avenue",1993-07-29,ssawday3x@stumbleupon.com
142,Marsh Assad,"277 Eliot Terrace",2002-12-08,massad3y@slashdot.org
143,Ozzie Pamphilon,"0433 Debs Road",1996-03-28,opamphilon3z@netscape.com
144,Modestia Axelby,"02576 Sunbrook Drive",1998-08-14,maxelby40@usatoday.com
145,Lorin Treadgall,"29544 Independence Street",2004-04-27,ltreadgall41@photobucket.com
146,Maxy Garlant,"61 Brentwood Park",1990-09-07,mgarlant42@hostgator.com
147,Lorna Rubinshtein,"454 Morningstar Way",1998-07-11,lrubinshtein43@theguardian.com
148,Jaclin Rosander,"9803 Kenwood Alley",2000-05-01,jrosander44@free.fr
149,Tammi Lecky,"43058 Laurel Alley",1991-07-01,tlecky45@weibo.com
150,Adora Senton,"18 Birchwood Center",1998-09-30,asenton46@fastcompany.com
151,Raynell Banisch,"9 Crowley Road",2001-01-15,rbanisch47@hugedomains.com
152,Peirce MacAlpine,"7 Sunfield Pass",2004-04-20,pmacalpine48@bloglines.com
153,Virgil Bonnavant,"6 Morning Park",1997-06-28,vbonnavant49@webnode.com
154,Bevon Amorine,"49463 Mifflin Road",1997-10-29,bamorine4a@furl.net
155,Bernette Stocking,"2455 Longview Point",1992-01-15,bstocking4b@yale.edu
156,Moritz Hordle,"03324 Prairie Rose Place",2003-04-12,mhordle4c@myspace.com
157,Tiffani Davern,"002 Nevada Road",1991-01-07,tdavern4d@chron.com
158,Devland Arrigucci,"02 Harper Junction",2000-12-28,darrigucci4e@multiply.com
159,Markus Strainge,"034 Ramsey Park",2002-04-25,mstrainge4f@redcross.org
160,Emalia Darcy,"710 Moland Center",2004-12-11,edarcy4g@example.com
161,Matty Soldan,"5 Truax Circle",1995-11-22,msoldan4h@de.vu
162,Karly Hearl,"51404 Graceland Pass",1991-08-31,khearl4i@geocities.com
163,Augie Bees,"7 Saint Paul Lane",2003-05-27,abees4j@blinklist.com
164,Haydon Skipworth,"5079 Larry Drive",2004-10-20,hskipworth4k@elegantthemes.com
165,Raddie Batalle,"99813 Kings Drive",1994-11-09,rbatalle4l@berkeley.edu
166,Maximilien McTrustrie,"67867 Little Fleur Point",1995-08-10,mmctrustrie4m@usatoday.com
167,Bobbi Taylerson,"9 Drewry Crossing",1999-03-20,btaylerson4n@yellowpages.com
168,Cassandry Maddams,"0254 Pond Drive",2000-04-25,cmaddams4o@php.net
169,Tommi Hurley,"39 Tony Place",2003-05-19,thurley4p@about.com
170,Hanna Hartness,"152 Drewry Plaza",1998-02-27,hhartness4q@vimeo.com
171,Brandice Coushe,"9 Cascade Alley",2001-12-06,bcoushe4r@huffingtonpost.com
172,Staci Clears,"49090 Lyons Place",1990-10-14,sclears4s@geocities.jp
173,Washington Anstis,"52 Kropf Place",1992-01-18,wanstis4t@clickbank.net
174,Irene Graham,"97098 Warner Point",1994-11-11,igraham4u@simplemachines.org
175,Wittie Trownson,"6185 Summerview Place",2004-10-22,wtrownson4v@businessinsider.com
176,Barnett Chaffe,"64426 Summer Ridge Pass",2001-10-07,bchaffe4w@i2i.jp
177,Bambie Rawll,"4 Derek Pass",1994-08-14,brawll4x@alexa.com
178,Carmine Andersen,"4 Lerdahl Drive",1992-01-12,candersen4y@soundcloud.com
179,Keefe Sharpous,"123 Veith Hill",1993-05-31,ksharpous4z@sourceforge.net
180,Giovanna Morphet,"05782 Toban Center",1990-02-08,gmorphet50@elpais.com
181,Amalea Bartell,"7040 Morning Court",1993-12-25,abartell51@msn.com
182,Kimberli Luparto,"8 Tomscot Terrace",2004-08-17,kluparto52@squarespace.com
183,Selina Povey,"057 Leroy Alley",1998-08-25,spovey53@de.vu
184,Palm Trumper,"54 Coleman Park",1994-11-12,ptrumper54@dagondesign.com
185,Dru Corser,"229 Ruskin Court",2001-01-22,dcorser55@smugmug.com
186,Corie Gorton,"93 Lawn Crossing",1998-11-06,cgorton56@google.es
187,Conrade Lapere,"482 Golf Course Crossing",2003-07-23,clapere57@flavors.me
188,Imogene Wayon,"60636 Quincy Junction",1992-02-06,iwayon58@who.int
189,Jdavie Cona,"440 Stoughton Street",1996-09-16,jcona59@nasa.gov
190,Dorie Lilleycrop,"02365 Loeprich Parkway",1997-08-12,dlilleycrop5a@pagesperso-orange.fr
191,Lynette Jenks,"352 Beilfuss Way",1993-12-31,ljenks5b@blogs.com
192,Clem Stockney,"98 Twin Pines Lane",1990-09-15,cstockney5c@photobucket.com
193,Manfred Shreve,"6131 Larry Junction",2001-12-08,mshreve5d@slate.com
194,Garrott Kubec,"784 Lunder Parkway",1996-04-11,gkubec5e@qq.com
195,Simmonds Shubotham,"883 Kings Street",1990-03-18,sshubotham5f@google.ca
196,Isaak Ronnay,"60310 Lawn Park",1994-11-12,ironnay5g@si.edu
197,Nadia Roman,"1 Manitowish Pass",1990-02-21,nroman5h@nasa.gov
198,Duky Strewther,"41577 Bunting Drive",2004-07-10,dstrewther5i@businesswire.com
199,Hallie Mobius,"1550 Mesta Crossing",2003-08-15,hmobius5j@eventbrite.com
200,Jemimah Kettridge,"743 Johnson Court",1996-11-25,jkettridge5k@who.int
201,Sibella Jimmes,"3682 Bobwhite Point",1997-03-29,sjimmes5l@nationalgeographic.com
202,Carmencita Britzius,"43785 Susan Pass",1993-03-29,cbritzius5m@newyorker.com
203,Dorotea Jewar,"48 Coolidge Way",1990-09-02,djewar5n@nsw.gov.au
204,Keely Darkins,"6758 Scofield Center",2000-12-21,kdarkins5o@comsenz.com
205,Solly Cyseley,"579 Mariners Cove Drive",2001-05-08,scyseley5p@slate.com
206,Carmelia Vernay,"2785 Arizona Terrace",1992-03-07,cvernay5q@earthlink.net
207,Jany Kumar,"7920 Russell Terrace",2004-09-12,jkumar5r@time.com
208,Haskell Donnan,"27 Maple Road",1995-11-09,hdonnan5s@ca.gov
209,Shermie Joinson,"62 Fulton Junction",1997-01-24,sjoinson5t@qq.com
210,Otha Pagden,"669 Prentice Court",1992-03-14,opagden5u@etsy.com
211,Johnathan Cowser,"6 Goodland Point",1998-02-24,jcowser5v@ebay.com
212,Clayson Barts,"18 Dakota Court",2000-01-03,cbarts5w@chicagotribune.com
213,Wendie Samart,"68 Quincy Avenue",1990-05-16,wsamart5x@t-online.de
214,Terra Dearing,"39105 7th Crossing",2003-08-11,tdearing5y@ftc.gov
215,Gram Judson,"3 Fair Oaks Crossing",2000-06-11,gjudson5z@zimbio.com
216,Tabbitha Kiwitz,"73 Monument Road",1993-04-08,tkiwitz60@howstuffworks.com
217,Kipp Eisikowitz,"4629 Mosinee Street",1992-06-02,keisikowitz61@prnewswire.com
218,Skipper Scourfield,"6086 Sheridan Alley",2001-08-22,sscourfield62@slideshare.net
219,Frances Roycroft,"02 Browning Place",2001-07-17,froycroft63@cafepress.com
220,Sandy Speer,"751 East Road",1999-06-01,sspeer64@wisc.edu
221,Bathsheba Golling,"8347 Everett Road",1992-12-23,bgolling65@marketwatch.com
222,Hobart London,"7 Bultman Road",1992-12-22,hlondon66@amazon.co.uk
223,Nicoli Kyte,"9 Clove Crossing",1994-08-18,nkyte67@comsenz.com
224,Olivia Gross,"44 Erie Alley",2002-12-08,ogross68@businessinsider.com
225,Herschel MacFadzan,"41 Delaware Road",1991-12-08,hmacfadzan69@angelfire.com
226,Celesta Pawlyn,"46 Merchant Avenue",1999-09-25,cpawlyn6a@tinyurl.com
227,Barbaraanne Proudley,"4 Clyde Gallagher Center",1992-08-31,bproudley6b@nbcnews.com
228,Eliza Lascell,"961 Grim Road",1999-08-14,elascell6c@networksolutions.com
229,Lyda Cristoforetti,"09 Hoepker Drive",2001-05-30,lcristoforetti6d@imageshack.us
230,Jarad Blaver,"0 Loeprich Parkway",1992-11-18,jblaver6e@smh.com.au
231,Caroline De Minico,"6 Grasskamp Road",1992-04-23,cde6f@berkeley.edu
232,Marni Kellen,"93331 Crescent Oaks Center",1996-06-18,mkellen6g@google.co.jp
233,Luke Cornil,"9 Continental Hill",1998-03-28,lcornil6h@canalblog.com
234,Joya Boutton,"8441 Thierer Crossing",1993-07-08,jboutton6i@mashable.com
235,Benedikt Gerish,"35 Crowley Terrace",1997-03-05,bgerish6j@ustream.tv
236,Neal Decourt,"58200 Nelson Trail",2004-01-30,ndecourt6k@google.com.au
237,Keeley Eddolls,"7485 Acker Way",1997-05-07,keddolls6l@storify.com
238,Kristien Copeman,"80403 Columbus Court",2001-08-02,kcopeman6m@mozilla.com
239,Silvester Myles,"70473 Boyd Plaza",1997-04-11,smyles6n@exblog.jp
240,Celestyna Jell,"476 Jenna Crossing",2001-08-18,cjell6o@nydailynews.com
241,Netti Calterone,"1 Oak Valley Drive",1991-08-02,ncalterone6p@sbwire.com
242,Corine Sliman,"4 Kingsford Way",2001-12-23,csliman6q@creativecommons.org
243,Dana Goldman,"047 Arapahoe Lane",1993-03-08,dgoldman6r@go.com
244,Briggs Ratie,"26 Harper Crossing",2001-05-03,bratie6s@irs.gov
245,Donelle Brash,"35862 Rockefeller Circle",1991-05-14,dbrash6t@dailymail.co.uk
246,Zarah Belison,"56 Graceland Drive",1991-07-23,zbelison6u@yellowpages.com
247,Bowie Brackenridge,"307 Mariners Cove Place",1990-11-29,bbrackenridge6v@illinois.edu
248,Barny Bodemeaid,"367 Holy Cross Terrace",1994-09-23,bbodemeaid6w@nifty.com
249,Christean Monahan,"552 Grover Hill",2000-04-09,cmonahan6x@comsenz.com
250,Gretel Chomiszewski,"34 Hauk Plaza",2004-08-18,gchomiszewski6y@people.com.cn
251,Henri Fuke,"6598 Grayhawk Place",2000-05-02,hfuke6z@elpais.com
252,Georgianna Ghost,"91461 American Ash Avenue",1997-06-07,gghost70@gmpg.org
253,Gerti McClymond,"751 Meadow Valley Street",2004-09-21,gmcclymond71@mtv.com
254,Porter Sturgeon,"2392 Pond Plaza",1998-10-08,psturgeon72@springer.com
255,Aldrich Arangy,"726 Marquette Trail",1990-11-17,aarangy73@cnet.com
256,Kenyon Linfitt,"956 Donald Parkway",2003-03-13,klinfitt74@adobe.com
257,Sergent Sigart,"04 Sheridan Crossing",2001-01-29,ssigart75@ucla.edu
258,Zorina Pirolini,"24084 Truax Pass",2000-11-28,zpirolini76@woothemes.com
259,Nelly Fauguel,"225 Lunder Drive",2001-10-20,nfauguel77@google.com.hk
260,Bonnie Ripper,"8 Del Mar Avenue",1992-12-13,bripper78@themeforest.net
261,Nester Morecombe,"035 Hauk Trail",1994-02-16,nmorecombe79@chronoengine.com
262,Augusta Goodbody,"33 Graceland Alley",1991-01-14,agoodbody7a@nature.com
263,Courtnay Winckles,"6 Coleman Park",2001-04-08,cwinckles7b@php.net
264,Cob Houseman,"54197 Elmside Hill",2000-09-26,chouseman7c@oaic.gov.au
265,Gunther Blankau,"59 Harper Crossing",2004-03-18,gblankau7d@weebly.com
266,Richmound Iseton,"33624 Monument Avenue",1996-04-03,riseton7e@hexun.com
267,Garold Crippes,"0141 Northwestern Way",2000-04-13,gcrippes7f@ed.gov
268,Gabby Wyson,"0532 Hoard Road",1995-10-26,gwyson7g@spiegel.de
269,Jammie Chimes,"6484 Elgar Drive",1999-12-22,jchimes7h@livejournal.com
270,Hatti Harbidge,"9 Autumn Leaf Place",2004-08-10,hharbidge7i@feedburner.com
271,Clo Privost,"219 Lunder Pass",2000-02-08,cprivost7j@vinaora.com
272,Katharina Greguoli,"3340 Luster Hill",2000-08-17,kgreguoli7k@google.de
273,Bria Dakin,"32133 Dorton Park",1996-07-12,bdakin7l@sitemeter.com
274,Eloise Barkus,"88392 Oriole Parkway",2000-07-03,ebarkus7m@globo.com
275,Laurens Steckings,"41772 South Avenue",2004-03-10,lsteckings7n@dedecms.com
276,Chandra O'Tierney,"927 Graceland Plaza",1994-07-29,cotierney7o@ow.ly
277,Hoyt Moakes,"3922 Westerfield Way",1991-06-20,hmoakes7p@domainmarket.com
278,Jojo Shadwick,"75 Mesta Way",1990-05-15,jshadwick7q@hubpages.com
279,Maible Gath,"43 Killdeer Trail",1994-10-19,mgath7r@slate.com
280,Marcile Shearme,"51995 Clyde Gallagher Pass",1992-10-03,mshearme7s@webnode.com
281,Raimundo Wonfor,"666 Rockefeller Hill",1999-10-26,rwonfor7t@themeforest.net
282,Alwyn Donhardt,"4 New Castle Road",1991-11-05,adonhardt7u@prweb.com
283,Melva Leads,"99 Fuller Point",1992-07-19,mleads7v@va.gov
284,Cobby Glasard,"814 Old Gate Lane",1995-10-13,cglasard7w@etsy.com
285,Elinore Caller,"148 Chive Road",2002-02-08,ecaller7x@cpanel.net
286,Clevie Belbin,"10 Kedzie Pass",1998-12-25,cbelbin7y@ehow.com
287,Nadya Rigbye,"40611 Atwood Plaza",1996-01-30,nrigbye7z@livejournal.com
288,Selig Floris,"42968 Welch Terrace",1996-10-30,sfloris80@theglobeandmail.com
289,Jabez McAlindon,"708 Laurel Crossing",1996-11-27,jmcalindon81@sciencedaily.com
290,Bentlee Giacomelli,"46131 Butterfield Place",2002-02-13,bgiacomelli82@multiply.com
291,Fitzgerald Condon,"43671 Sommers Park",1990-08-26,fcondon83@fc2.com
292,Herrick Whicher,"37 Oakridge Plaza",1998-10-31,hwhicher84@nps.gov
293,Spense Brayn,"0 Acker Hill",2000-06-16,sbrayn85@ucla.edu
294,Lilian Alessandrelli,"244 Alpine Crossing",1999-02-18,lalessandrelli86@clickbank.net
295,Mario Sorro,"707 Ridgeview Alley",1999-06-26,msorro87@google.com
296,Athena Greenhouse,"6263 Northfield Alley",1993-06-02,agreenhouse88@buzzfeed.com
297,Kele Stallworthy,"7 Waxwing Center",2002-09-21,kstallworthy89@dot.gov
298,Binky Vaskov,"007 Springs Alley",1996-05-30,bvaskov8a@wordpress.com
299,Tonye Pinshon,"70 Arrowood Pass",1993-03-15,tpinshon8b@woothemes.com
300,Elwyn Olyfat,"8642 Bellgrove Crossing",1995-03-06,eolyfat8c@boston.com
301,Chaim Colkett,"9 Fordem Hill",1997-02-23,ccolkett8d@t.co
302,Lonnie Swateridge,"2618 Westridge Lane",2002-02-13,lswateridge8e@mozilla.com
303,Artemus Abade,"93 Toban Crossing",1991-10-06,aabade8f@taobao.com
304,Emilie Tenwick,"60762 Menomonie Court",1995-12-24,etenwick8g@ihg.com
305,Trey Sangar,"96430 Spohn Parkway",2000-12-08,tsangar8h@cdc.gov
306,Margo Franceschielli,"119 Monterey Court",1996-01-26,mfranceschielli8i@plala.or.jp
307,Marlo Wintringham,"0 Monument Drive",1995-08-28,mwintringham8j@dot.gov
308,Fernanda Roumier,"187 Kim Center",2002-07-17,froumier8k@eepurl.com
309,Felix Kempson,"453 Killdeer Junction",1993-02-23,fkempson8l@alexa.com
310,Madonna Cream,"3741 Amoth Park",1992-09-01,mcream8m@yandex.ru
311,Hammad Grigori,"4963 American Point",2004-10-01,hgrigori8n@wix.com
312,Nickolas Aldersey,"030 Melody Avenue",1996-11-20,naldersey8o@economist.com
313,Laverna Churchill,"6849 Erie Street",1995-08-07,lchurchill8p@ustream.tv
314,Mord Kayes,"94 Clarendon Lane",1995-06-16,mkayes8q@thetimes.co.uk
315,Mahalia Paudin,"23306 Darwin Point",1992-04-24,mpaudin8r@ftc.gov
316,Rayner Haversham,"53 Vera Way",1990-07-16,rhaversham8s@goo.gl
317,Tova Bouch,"548 Buell Point",2002-05-14,tbouch8t@house.gov
318,Wadsworth Lassen,"34790 Lake View Parkway",1990-05-28,wlassen8u@xrea.com
319,Sileas O'Hare,"85 Scoville Crossing",1994-05-28,sohare8v@uiuc.edu
320,Chrissy MacAne,"8459 Norway Maple Parkway",1995-04-14,cmacane8w@epa.gov
321,Marcile Waller,"450 Clove Plaza",1995-08-16,mwaller8x@dell.com
322,Korella Seabright,"0 Algoma Junction",1993-01-16,kseabright8y@berkeley.edu
323,Geno Emanuel,"68223 Calypso Road",1998-11-02,gemanuel8z@smugmug.com
324,Joete Yanele,"33562 Magdeline Terrace",1993-04-30,jyanele90@blogtalkradio.com
325,Brennen Castagne,"7238 Old Shore Hill",1997-09-06,bcastagne91@economist.com
326,Townsend Tortice,"9929 Victoria Parkway",1998-05-27,ttortice92@toplist.cz
327,Jeffry Sorrill,"4283 Badeau Point",1993-12-07,jsorrill93@msu.edu
328,Hatti Olenov,"88694 American Ash Place",2003-03-19,holenov94@boston.com
329,Cherye Furmagier,"893 Esch Way",2002-12-20,cfurmagier95@freewebs.com
330,Dalt Giraudot,"3903 Ramsey Junction",1997-09-08,dgiraudot96@gov.uk
331,Celinka Scrowson,"5 Waywood Park",2004-04-22,cscrowson97@youku.com
332,Phil Kimblin,"73 Spaight Junction",1999-07-13,pkimblin98@istockphoto.com
333,Tabbatha Beddie,"24847 Hovde Plaza",1992-02-27,tbeddie99@taobao.com
334,Mara Van Arsdall,"55 Washington Alley",1999-07-19,mvan9a@apache.org
335,Cleavland Chat,"7131 Corscot Circle",1995-10-20,cchat9b@nyu.edu
336,Gypsy Cashell,"66 Gateway Center",1993-07-05,gcashell9c@salon.com
337,Charla Prudham,"4 Surrey Circle",1993-05-25,cprudham9d@seattletimes.com
338,Etan Cometson,"7133 Badeau Circle",1999-04-09,ecometson9e@marriott.com
339,Tuesday Baume,"80 Bartillon Crossing",1991-07-07,tbaume9f@google.it
340,Gayle Joriot,"3209 Mcguire Hill",2004-02-13,gjoriot9g@intel.com
341,Courtenay Spowart,"4 Beilfuss Way",1999-12-30,cspowart9h@wikipedia.org
342,Verine Gensavage,"80140 Lakewood Gardens Hill",1990-05-02,vgensavage9i@slashdot.org
343,Yehudit Ratley,"7 Carberry Court",1997-09-15,yratley9j@weebly.com
344,Midge Copeman,"656 Golf View Street",2003-08-19,mcopeman9k@pen.io
345,Corrina Huggill,"1451 2nd Parkway",1999-03-10,chuggill9l@meetup.com
346,Clarisse Perritt,"5323 Carey Court",2002-03-10,cperritt9m@earthlink.net
347,Prue Giacovelli,"055 Village Green Road",1993-12-28,pgiacovelli9n@businessweek.com
348,Rakel Hinzer,"60476 Clove Point",1996-02-28,rhinzer9o@vinaora.com
349,Gwendolyn Graine,"8 Barby Court",1994-11-24,ggraine9p@moonfruit.com
350,Addy Couves,"3500 Dayton Terrace",1997-04-06,acouves9q@gmpg.org
351,Peri Chucks,"73456 Kim Drive",2000-07-24,pchucks9r@yale.edu
352,Zonda Kaygill,"0339 Bayside Trail",1992-10-14,zkaygill9s@umich.edu
353,Amble Myhill,"787 Lakewood Gardens Hill",1997-03-10,amyhill9t@themeforest.net
354,Nerty Besant,"20123 Hollow Ridge Way",1997-11-30,nbesant9u@ucoz.ru
355,Jillana McAlinden,"1 Melody Street",1990-12-21,jmcalinden9v@webmd.com
356,Upton Redshaw,"40384 Morrow Crossing",1994-07-15,uredshaw9w@quantcast.com
357,Flynn Simeoli,"3 Tony Park",1996-09-10,fsimeoli9x@github.com
358,Ramon Inkpen,"9981 Darwin Hill",1997-06-29,rinkpen9y@dailymail.co.uk
359,Nat Sambells,"505 Gale Pass",2004-12-20,nsambells9z@prnewswire.com
360,Winna Calderhead,"76 Artisan Plaza",1998-05-27,wcalderheada0@pinterest.com
361,Horton Daddow,"15644 Briar Crest Hill",1997-04-27,hdaddowa1@abc.net.au
362,Elisabeth Spurman,"07850 Oxford Alley",2001-01-18,espurmana2@deliciousdays.com
363,Arron Gammidge,"028 Warrior Alley",1998-04-06,agammidgea3@smugmug.com
364,Bar Balsdone,"18617 Little Fleur Lane",1998-12-18,bbalsdonea4@ftc.gov
365,Kinny Phateplace,"2 Russell Park",1992-11-01,kphateplacea5@va.gov
366,Kali Jahn,"52011 Buell Drive",2003-01-01,kjahna6@ifeng.com
367,Rustie Euesden,"97906 Hazelcrest Crossing",2000-05-16,reuesdena7@about.me
368,Teodorico Gravell,"17 Main Lane",1997-04-18,tgravella8@artisteer.com
369,Brynne Defty,"4 Armistice Avenue",1999-11-27,bdeftya9@issuu.com
370,Aylmer Greendale,"5112 Oriole Terrace",1995-12-16,agreendaleaa@list-manage.com
371,Jacky Bugge,"97 Sycamore Plaza",2004-04-05,jbuggeab@redcross.org
372,Lu Corroyer,"3701 Declaration Plaza",1997-08-03,lcorroyerac@ftc.gov
373,Jayne Hanbidge,"31503 Graedel Place",1996-09-25,jhanbidgead@storify.com
374,Iorgos Euels,"7 Brentwood Trail",1993-07-26,ieuelsae@printfriendly.com
375,Wendeline Jaouen,"31222 Memorial Junction",1994-02-06,wjaouenaf@ifeng.com
376,Fidelia Timms,"8 Almo Center",1998-01-05,ftimmsag@census.gov
377,Benedicto Verrier,"49977 Melby Parkway",1992-02-17,bverrierah@shareasale.com
378,Cristy Paver,"0 Union Point",1995-02-04,cpaverai@tamu.edu
379,Rafaelia Christofor,"89 Twin Pines Road",2003-03-12,rchristoforaj@xrea.com
380,Lilia Vittery,"57 Esch Plaza",1991-07-16,lvitteryak@webnode.com
381,Letitia Aleevy,"7 Fulton Circle",2002-05-16,laleevyal@gov.uk
382,Quillan Lovelock,"870 Hoffman Court",2001-01-25,qlovelockam@rambler.ru
383,Ado Colpus,"4061 Weeping Birch Court",1990-05-24,acolpusan@google.nl
384,Tasia Morrad,"8 8th Avenue",2003-02-06,tmorradao@purevolume.com
385,Brandice Cosgrave,"2039 Coolidge Avenue",1993-01-03,bcosgraveap@fema.gov
386,Ondrea O'Halligan,"0 Village Place",1993-10-21,oohalliganaq@ustream.tv
387,Belinda Rosbrough,"38567 Veith Hill",2003-10-12,brosbroughar@slate.com
388,Fons Ricker,"93 Thackeray Center",2003-02-13,frickeras@rambler.ru
389,Darrelle Copeland,"87 Esker Parkway",1990-05-15,dcopelandat@squidoo.com
390,Dudley Strettell,"05 Rockefeller Street",2001-12-21,dstrettellau@patch.com
391,Anna-diane Malatalant,"49 Fuller Center",1997-07-24,amalatalantav@indiatimes.com
392,Hadria Phipp,"9 Union Place",1992-11-18,hphippaw@omniture.com
393,Pen McCollum,"7 Derek Circle",2001-11-11,pmccollumax@buzzfeed.com
394,Murdock Gunny,"98 Shasta Junction",1993-09-05,mgunnyay@phoca.cz
395,Mohandas Whotton,"2 Lakewood Road",1999-12-15,mwhottonaz@va.gov
396,Chadd Soreau,"86612 Schlimgen Lane",1995-03-12,csoreaub0@omniture.com
397,Abra Steers,"997 Londonderry Parkway",2002-11-27,asteersb1@dagondesign.com
398,Amandi Rozalski,"57 Loeprich Point",2003-06-29,arozalskib2@irs.gov
399,Teresita Delany,"101 Welch Parkway",1991-02-17,tdelanyb3@so-net.ne.jp
400,Tuckie Borchardt,"92 Dovetail Place",1995-06-28,tborchardtb4@multiply.com
401,Harlene Aleevy,"89 Lakewood Gardens Junction",2002-10-02,haleevyb5@yellowbook.com
402,Kenny Plaskitt,"3401 Algoma Parkway",2003-04-26,kplaskittb6@google.ca
403,Kimmy Carbine,"7428 Corry Place",1995-03-20,kcarbineb7@imdb.com
404,Maressa Aizikov,"37459 Transport Avenue",2000-06-19,maizikovb8@independent.co.uk
405,Elmer Dumbleton,"1649 Sunbrook Avenue",1998-08-31,edumbletonb9@amazon.de
406,Jasmine Donaher,"23 Fallview Court",1992-07-19,jdonaherba@weather.com
407,Wayland Havill,"0822 Bellgrove Road",1998-03-28,whavillbb@bandcamp.com
408,Belle Narracott,"76747 Warbler Crossing",2004-06-09,bnarracottbc@purevolume.com
409,Dom Espinel,"4397 Harper Crossing",2003-07-27,despinelbd@moonfruit.com
410,Dun Garretson,"6465 Golf Parkway",1996-10-25,dgarretsonbe@redcross.org
411,Gardiner De Filippo,"753 Melvin Road",1998-06-08,gdebf@so-net.ne.jp
412,Philippine Gandar,"8049 Sugar Way",2003-07-01,pgandarbg@hp.com
413,Haily Coughlin,"55 Schiller Drive",2004-06-30,hcoughlinbh@ted.com
414,Emmalyn Izkovici,"610 Fisk Crossing",1993-07-24,eizkovicibi@google.com.au
415,Sybil Gwillyam,"53910 Commercial Court",2002-10-06,sgwillyambj@prweb.com
416,Abby Franceschelli,"0 Pepper Wood Point",2000-10-04,afranceschellibk@fema.gov
417,Laverne Mc Ilory,"11 Cardinal Avenue",2000-03-26,lmcbl@livejournal.com
418,Deedee Rihosek,"3083 Loomis Plaza",1996-10-13,drihosekbm@japanpost.jp
419,Shem Crane,"672 Morningstar Road",1998-09-02,scranebn@about.me
420,Celina Checchetelli,"999 Surrey Junction",1999-07-27,cchecchetellibo@imgur.com
421,Sydel Beales,"0476 Reinke Parkway",2004-01-21,sbealesbp@sohu.com
422,Janey Moubray,"721 Hauk Center",2000-03-11,jmoubraybq@opensource.org
423,Anabella Sherston,"3912 Walton Way",1994-05-14,asherstonbr@japanpost.jp
424,Una Iston,"437 Lindbergh Alley",1992-04-15,uistonbs@rakuten.co.jp
425,Bret Martinuzzi,"04 Clove Crossing",1998-03-18,bmartinuzzibt@oaic.gov.au
426,Elinore Davidovitz,"0 Bobwhite Terrace",1994-01-08,edavidovitzbu@ow.ly
427,Isidro Haldene,"01 Crescent Oaks Trail",1996-12-15,ihaldenebv@sphinn.com
428,Torr Strephan,"488 Sullivan Center",2003-06-24,tstrephanbw@google.de
429,Fred Shorte,"26 John Wall Street",1995-11-09,fshortebx@a8.net
430,Abey Phlippi,"8929 Lukken Parkway",1990-07-16,aphlippiby@ning.com
431,Berkley Hallatt,"01554 Fairview Street",1996-02-26,bhallattbz@slate.com
432,Eda Keggin,"748 Pearson Way",1991-04-12,ekegginc0@goo.ne.jp
433,Garek Capner,"87 Daystar Junction",1996-05-09,gcapnerc1@eventbrite.com
434,Keary Jamot,"53 Becker Pass",1990-07-19,kjamotc2@moonfruit.com
435,Herta Pickaver,"7 Knutson Junction",1993-08-31,hpickaverc3@taobao.com
436,Alis Pillinger,"01 Autumn Leaf Way",1990-12-07,apillingerc4@instagram.com
437,Ferdy Walcar,"3088 Ruskin Way",2000-03-18,fwalcarc5@cnn.com
438,Hildagard Burrill,"4 Corscot Alley",2004-11-01,hburrillc6@loc.gov
439,Shelden Swetland,"58 Red Cloud Center",2001-08-14,sswetlandc7@ow.ly
440,Lena Kalvin,"46 Park Meadow Avenue",1995-03-13,lkalvinc8@storify.com
441,Gloria Benettolo,"1 Tony Terrace",1990-07-11,gbenettoloc9@sfgate.com
442,Salvidor Carayol,"6 Ludington Plaza",1997-04-09,scarayolca@google.com.hk
443,Hayden Itscovitz,"251 Dwight Alley",2002-04-24,hitscovitzcb@psu.edu
444,Deedee Jalland,"6703 Hooker Pass",2001-07-21,djallandcc@mayoclinic.com
445,Tressa Glayzer,"63282 Delaware Street",1992-12-11,tglayzercd@mlb.com
446,Pavlov Carik,"49916 Bayside Crossing",1993-01-14,pcarikce@census.gov
447,Steve Tilby,"699 Garrison Alley",1998-03-09,stilbycf@youtube.com
448,Annmarie Burwin,"54 Corry Court",1999-04-11,aburwincg@wired.com
449,Angelia Latter,"4544 Heath Park",2001-11-18,alatterch@psu.edu
450,Franzen Johanning,"5 Welch Court",1998-10-13,fjohanningci@hibu.com
451,Melessa Jacquemet,"84994 Mallard Drive",1998-03-04,mjacquemetcj@slate.com
452,Isac Bazelle,"61394 Mendota Court",1997-10-10,ibazelleck@rambler.ru
453,Sela Tellenbroker,"25476 Eastwood Circle",2000-05-28,stellenbrokercl@msu.edu
454,Rafaela Dundendale,"72907 Northview Avenue",1997-12-01,rdundendalecm@nyu.edu
455,Yasmeen Corley,"976 Katie Pass",1994-04-30,ycorleycn@uiuc.edu
456,Rhetta Skeel,"7 Mayer Street",2001-07-01,rskeelco@sun.com
457,Cal Spinnace,"2 Anhalt Circle",1999-04-24,cspinnacecp@cargocollective.com
458,Trever Tibbetts,"7885 Everett Junction",1997-05-24,ttibbettscq@mapy.cz
459,Dick Rathke,"4 Lyons Lane",2003-01-20,drathkecr@forbes.com
460,Drud Corzor,"3 Oxford Court",2000-05-17,dcorzorcs@vk.com
461,Riva Kite,"13966 Grover Parkway",1997-06-15,rkitect@wp.com
462,Tann Ringer,"635 Anniversary Parkway",1994-06-28,tringercu@networkadvertising.org
463,Linn O'Heneghan,"13 Hayes Center",1998-12-09,loheneghancv@aol.com
464,Ailina Casarili,"2617 4th Park",1996-05-13,acasarilicw@goo.gl
465,Tomlin Bamfield,"450 Truax Court",2004-09-10,tbamfieldcx@freewebs.com
466,Jamal Bendelow,"278 Jenifer Center",1992-11-06,jbendelowcy@wp.com
467,Riane Aspinall,"3 Mifflin Hill",1998-07-15,raspinallcz@hp.com
468,Basilio Sweatman,"0495 Hanover Plaza",1998-09-29,bsweatmand0@wsj.com
469,Sanson Rijkeseis,"12 Red Cloud Terrace",2004-11-11,srijkeseisd1@ask.com
470,Giff Houten,"205 Ohio Point",1995-03-20,ghoutend2@360.cn
471,Caroline Leydon,"20163 Westend Drive",1995-10-06,cleydond3@huffingtonpost.com
472,Rheta Knock,"11 Park Meadow Parkway",1995-10-13,rknockd4@google.es
473,Joshua Stooke,"154 Forest Dale Plaza",1997-04-06,jstooked5@google.nl
474,Si Creaney,"513 Dexter Circle",1992-06-05,screaneyd6@yahoo.co.jp
475,Rosamund Goude,"5 Anhalt Point",2001-08-22,rgouded7@army.mil
476,Alphard Gile,"292 La Follette Avenue",2001-06-05,agiled8@csmonitor.com
477,Torr Karby,"6 Harper Lane",1991-12-25,tkarbyd9@geocities.com
478,Wendall Etoile,"9 Eggendart Parkway",2003-11-01,wetoileda@yolasite.com
479,Say Winspurr,"689 Shopko Junction",1991-01-01,swinspurrdb@usa.gov
480,Margery Angus,"536 Crowley Circle",1991-06-25,mangusdc@ezinearticles.com
481,Pietrek Grigor,"8 Melvin Lane",2002-10-13,pgrigordd@nymag.com
482,Quintus Wernham,"22 Ridge Oak Hill",2001-03-05,qwernhamde@livejournal.com
483,Skyler Batcheldor,"688 Schlimgen Drive",1995-12-19,sbatcheldordf@jimdo.com
484,Sosanna Livezey,"66 American Center",2000-10-17,slivezeydg@ibm.com
485,Bella Haitlie,"035 High Crossing Court",1999-09-28,bhaitliedh@freewebs.com
486,Franklyn O'Griffin,"704 Sutherland Road",1993-04-26,fogriffindi@phpbb.com
487,Rosalyn Abarough,"6 Farwell Street",1990-07-24,rabaroughdj@yale.edu
488,Joice Casey,"07843 Heffernan Drive",1998-10-19,jcaseydk@unicef.org
489,Enrika Hincham,"02744 3rd Plaza",2004-08-24,ehinchamdl@xinhuanet.com
490,Theadora McLanachan,"921 Derek Junction",1990-01-29,tmclanachandm@uiuc.edu
491,Ewen Tofanelli,"3223 Oriole Drive",1998-08-07,etofanellidn@hibu.com
492,Donnajean Lowis,"5 Portage Way",2003-01-01,dlowisdo@4shared.com
493,Izzy Littlemore,"4 Morrow Junction",1995-10-25,ilittlemoredp@meetup.com
494,Mickie Pughe,"00 Menomonie Court",2004-06-22,mpughedq@newyorker.com
495,Serene Scuse,"223 Petterle Plaza",1993-09-28,sscusedr@vkontakte.ru
496,Jacinda Hully,"6 Ronald Regan Terrace",1999-09-20,jhullyds@tripadvisor.com
497,Darrell Rudolph,"71 Porter Hill",2002-07-25,drudolphdt@slideshare.net
498,Cristobal Mumford,"7 Maple Wood Pass",2003-01-18,cmumforddu@cisco.com
499,Terencio Smeed,"005 Elgar Parkway",2004-10-17,tsmeeddv@shinystat.com
500,Raven Villa,"6740 Waxwing Road",1995-02-27,rvilladw@biblegateway.com
501,Evaleen Shakespeare,"56718 Talisman Drive",1993-01-18,eshakespearedx@com.com
502,Cynthea Kinforth,"33661 Valley Edge Trail",2003-06-11,ckinforthdy@state.gov
503,Danny Hague,"0 Gina Alley",1990-12-17,dhaguedz@businessinsider.com
504,Bealle Fairfoull,"28736 Warbler Hill",1992-02-04,bfairfoulle0@twitter.com
505,Hagan Fredi,"270 Chive Place",2004-06-21,hfredie1@gnu.org
506,Tasia Piell,"85 Westend Alley",1996-08-03,tpielle2@hostgator.com
507,Lorettalorna Pagelsen,"93 Monica Trail",1999-12-10,lpagelsene3@acquirethisname.com
508,Braden Vedstra,"63 Kropf Terrace",1994-08-22,bvedstrae4@gov.uk
509,Goddard Botte,"49 Bobwhite Terrace",1993-02-12,gbottee5@csmonitor.com
510,Allan Feehily,"85 Hollow Ridge Crossing",2000-09-22,afeehilye6@narod.ru
511,Jessie Petrelli,"74 Corry Avenue",2004-07-09,jpetrellie7@fda.gov
512,Ami Jiri,"84895 Cordelia Circle",2004-11-02,ajirie8@vimeo.com
513,Livia Lewis,"73 Park Meadow Street",2002-10-20,llewise9@webs.com
514,Jasmin Brastead,"4 Schiller Point",1999-01-30,jbrasteadea@utexas.edu
515,Indira Goom,"45891 Gateway Terrace",2000-08-05,igoomeb@jimdo.com
516,Pattie Beane,"160 Scoville Avenue",1990-01-29,pbeaneec@bloomberg.com
517,Elston Kennermann,"8 Lunder Junction",1993-01-05,ekennermanned@live.com
518,Carlyle Elloit,"24728 Tony Avenue",1991-12-07,celloitee@bluehost.com
519,Xenos Brookes,"13727 La Follette Center",1998-12-05,xbrookesef@posterous.com
520,Tabatha Petkens,"2639 Scofield Avenue",2000-12-28,tpetkenseg@github.com
521,Candis Gerner,"1430 Maple Wood Center",1997-12-11,cgernereh@networksolutions.com
522,Katey Stemson,"2233 Roxbury Avenue",2001-09-05,kstemsonei@nih.gov
523,Avram Hawton,"66722 Hudson Lane",1997-04-08,ahawtonej@harvard.edu
524,Zilvia McLorinan,"77598 Center Road",2002-09-21,zmclorinanek@wsj.com
525,Towney Santhouse,"5867 Chive Point",1996-10-23,tsanthouseel@yale.edu
526,Bettye Prangley,"2642 Bashford Street",1999-10-28,bprangleyem@nyu.edu
527,Delano Blandford,"19 Crest Line Pass",1999-04-10,dblandforden@slate.com
528,Elisha Mitchley,"192 Green Ridge Hill",1997-09-01,emitchleyeo@newyorker.com
529,Bondon Gouinlock,"91 Westend Trail",2003-01-18,bgouinlockep@wikia.com
530,Shirline Sherel,"4 Summer Ridge Pass",1994-05-08,sshereleq@icio.us
531,Micheline Penvarne,"17 Delladonna Drive",2001-10-25,mpenvarneer@ft.com
532,Winfield Woolforde,"22 Charing Cross Place",1995-02-07,wwoolfordees@qq.com
533,Vernon O'Halloran,"99642 Huxley Court",1992-03-31,vohalloranet@bbb.org
534,Levin Haville,"055 Cordelia Trail",1996-08-23,lhavilleeu@dropbox.com
535,Harriot Balharrie,"2 Grim Crossing",1996-10-26,hbalharrieev@stanford.edu
536,Nolan Ecclestone,"8530 Stoughton Junction",1998-12-06,necclestoneew@sogou.com
537,Corey Lanchbery,"18 Thierer Trail",1996-06-19,clanchberyex@intel.com
538,Ardis McKennan,"07194 Pennsylvania Lane",1994-04-12,amckennaney@microsoft.com
539,Marchall Tuckerman,"6 American Ash Alley",2003-10-29,mtuckermanez@whitehouse.gov
540,Chet Shwalbe,"006 Moose Plaza",1994-08-07,cshwalbef0@abc.net.au
541,Nye Cavet,"0876 Dapin Drive",1999-05-27,ncavetf1@artisteer.com
542,Averyl Sutherland,"0716 Fallview Parkway",2001-11-25,asutherlandf2@foxnews.com
543,Tallie Lyles,"13847 Linden Terrace",1991-02-25,tlylesf3@icio.us
544,Boyce Kearton,"20 Gerald Hill",1995-01-20,bkeartonf4@paypal.com
545,Percy Freckingham,"29 Pierstorff Junction",2003-12-01,pfreckinghamf5@usnews.com
546,Jeanelle Mason,"947 Farmco Circle",2002-08-18,jmasonf6@mysql.com
547,Natassia O'Dare,"300 Huxley Drive",1990-04-25,nodaref7@state.tx.us
548,Raynell Czajka,"1403 Bellgrove Way",2004-02-24,rczajkaf8@rediff.com
549,Romona Berridge,"43522 Moose Road",1991-06-18,rberridgef9@mozilla.com
550,Helaine Ashpole,"8385 Bunting Center",1992-09-21,hashpolefa@theatlantic.com
551,Darin Lobbe,"892 Springview Alley",1995-08-04,dlobbefb@facebook.com
552,Sergei Andrysiak,"89804 Old Shore Street",1992-05-30,sandrysiakfc@unblog.fr
553,Kennan Giberd,"9109 Fisk Terrace",2003-05-02,kgiberdfd@gmpg.org
554,Letta Liffey,"537 Hauk Junction",2004-09-05,lliffeyfe@dedecms.com
555,Lyndsie De Mattei,"7 Bluestem Circle",2000-08-05,ldeff@europa.eu
556,Trudi Tregidgo,"9455 Ludington Road",2003-02-04,ttregidgofg@ted.com
557,Fernando Barkway,"63 Fairview Road",2004-11-25,fbarkwayfh@furl.net
558,Cathi Loney,"82 Butternut Drive",1990-01-13,cloneyfi@theglobeandmail.com
559,Anatol Di Bartolomeo,"3 Kinsman Lane",1994-12-26,adifj@google.pl
560,Rhiamon Melson,"9 Lake View Trail",1998-02-20,rmelsonfk@wsj.com
561,Gino Harme,"0835 Dovetail Alley",1995-04-09,gharmefl@so-net.ne.jp
562,Holly Shafto,"15 Butternut Drive",2001-12-20,hshaftofm@youtu.be
563,Anne Petchell,"12967 2nd Alley",1997-02-01,apetchellfn@nhs.uk
564,Shellie Berzin,"8 Ohio Alley",2002-08-14,sberzinfo@salon.com
565,Gladi Ripon,"5 6th Point",1999-06-22,griponfp@de.vu
566,Llywellyn Battista,"9 Birchwood Alley",1990-07-22,lbattistafq@newsvine.com
567,Margarete Dodsworth,"348 Hazelcrest Parkway",1993-11-08,mdodsworthfr@geocities.jp
568,Giorgi Collop,"044 Ridgeway Hill",1997-07-11,gcollopfs@storify.com
569,Cherri Fieldhouse,"2 Crest Line Terrace",1998-11-18,cfieldhouseft@cnn.com
570,Elaine Bordiss,"0 Larry Pass",1994-04-08,ebordissfu@wikispaces.com
571,Lainey Pattie,"92 Florence Way",1999-09-26,lpattiefv@technorati.com
572,Kellen Mullineux,"0465 Pond Junction",1994-11-22,kmullineuxfw@cyberchimps.com
573,Enoch Pratt,"61567 Spohn Junction",1994-09-11,eprattfx@weather.com
574,Lizbeth Hilhouse,"2 Kipling Lane",2001-02-16,lhilhousefy@people.com.cn
575,Berkly Coughtrey,"74955 Canary Trail",1994-07-28,bcoughtreyfz@bbc.co.uk
576,Carlye Penhalewick,"8 Huxley Street",2003-01-29,cpenhalewickg0@cloudflare.com
577,Merlina Haithwaite,"22 Crescent Oaks Pass",1998-11-05,mhaithwaiteg1@time.com
578,Agnella Glossop,"33738 Hauk Street",1996-01-05,aglossopg2@cafepress.com
579,Karlie Antecki,"91 New Castle Lane",1992-09-30,kanteckig3@miibeian.gov.cn
580,Michele Ingreda,"53096 Everett Trail",2000-11-06,mingredag4@ucsd.edu
581,Nevsa Barwood,"71224 Rieder Junction",1997-08-21,nbarwoodg5@scribd.com
582,Augy Eggers,"2 Bellgrove Pass",1994-02-05,aeggersg6@unc.edu
583,Hayyim Croster,"8995 Calypso Center",1997-07-28,hcrosterg7@adobe.com
584,Herbert Jarlmann,"41 Declaration Plaza",1992-08-01,hjarlmanng8@i2i.jp
585,Eva Barnewille,"4162 Bayside Point",2001-02-06,ebarnewilleg9@vkontakte.ru
586,Pebrook Habbijam,"6542 American Street",1995-05-23,phabbijamga@dailymotion.com
587,Sasha Boggers,"47 Straubel Crossing",2004-02-28,sboggersgb@elegantthemes.com
588,Gussie Nizard,"426 Jenifer Drive",1991-09-08,gnizardgc@bbc.co.uk
589,Redford Scading,"6 Kedzie Street",2003-06-27,rscadinggd@mtv.com
590,Shawnee Adelman,"41582 Hudson Trail",2003-10-29,sadelmange@independent.co.uk
591,Murry Brabben,"9 Northfield Drive",1994-12-22,mbrabbengf@nsw.gov.au
592,Linea Scotford,"9498 Mesta Street",1998-02-21,lscotfordgg@patch.com
593,Gustaf Sondland,"004 Fair Oaks Lane",2002-04-15,gsondlandgh@mayoclinic.com
594,Dallas Loch,"2311 Walton Plaza",1998-08-22,dlochgi@princeton.edu
595,Delinda Hannaby,"890 Dennis Avenue",1999-11-30,dhannabygj@hao123.com
596,Leonelle Urling,"9 Parkside Drive",2002-11-23,lurlinggk@thetimes.co.uk
597,Carrissa Gilhoolie,"0 Johnson Alley",2001-11-25,cgilhooliegl@parallels.com
598,Lynnelle Grassett,"6145 Knutson Hill",1998-03-07,lgrassettgm@economist.com
599,Dorothee Massey,"292 Nancy Trail",1991-07-14,dmasseygn@list-manage.com
600,Jake Lacasa,"8 Veith Street",1997-03-01,jlacasago@fotki.com
601,Matilde Matyushkin,"447 Heffernan Center",2000-01-19,mmatyushkingp@sciencedaily.com
602,Randa Stennet,"67 Marquette Way",1998-04-27,rstennetgq@symantec.com
603,Dalila Elkin,"2657 Milwaukee Crossing",1991-07-18,delkingr@cpanel.net
604,Haily Bowsher,"60139 Thierer Circle",1993-04-11,hbowshergs@google.com.hk
605,Winslow Fazzioli,"3615 Clemons Court",1990-05-17,wfazzioligt@storify.com
606,Joice Wilber,"0 Arapahoe Crossing",2001-12-14,jwilbergu@nps.gov
607,Sasha Douse,"3 Bowman Pass",2004-09-14,sdousegv@amazon.co.jp
608,Shaun Childes,"6956 Summit Avenue",1992-05-09,schildesgw@businessinsider.com
609,Jacinta Skelhorn,"6210 Memorial Way",1997-11-27,jskelhorngx@jigsy.com
610,Kenneth Dearle-Palser,"2 Sauthoff Avenue",1995-09-08,kdearlepalsergy@barnesandnoble.com
611,Nevins Letford,"6 Evergreen Place",1995-11-30,nletfordgz@about.me
612,Baxy Beacham,"533 Hansons Parkway",1994-09-13,bbeachamh0@google.ca
613,Olwen Galtone,"8 Roth Terrace",1994-01-27,ogaltoneh1@blogger.com
614,Dorothy Osbourn,"5723 Susan Way",1998-09-11,dosbournh2@examiner.com
615,Tamiko Hewertson,"3650 Schurz Avenue",1993-05-11,thewertsonh3@sun.com
616,Carlota Letcher,"4700 La Follette Alley",1996-04-21,cletcherh4@barnesandnoble.com
617,Von Scantlebury,"93099 Porter Way",1991-01-15,vscantleburyh5@gravatar.com
618,Niki Castane,"8 Waubesa Center",1992-06-08,ncastaneh6@squidoo.com
619,Freddy McFadyen,"5202 Lien Pass",1994-11-11,fmcfadyenh7@topsy.com
620,Marjorie Grugerr,"08 Novick Place",1992-01-17,mgrugerrh8@bloglines.com
621,Royall Ostick,"84 Florence Park",1996-06-14,rostickh9@businessinsider.com
622,Electra Diamond,"9 Katie Point",2001-02-15,ediamondha@ox.ac.uk
623,Fancie Twidale,"982 Arapahoe Plaza",1997-03-02,ftwidalehb@wikia.com
624,Khalil Caseri,"400 Almo Junction",1999-05-13,kcaserihc@webnode.com
625,Sibley Klasing,"1 Sycamore Street",1992-12-26,sklasinghd@usgs.gov
626,Barris Locksley,"109 Reinke Court",2004-09-08,blocksleyhe@livejournal.com
627,Daron Risbie,"70 Charing Cross Parkway",1999-10-13,drisbiehf@ibm.com
628,Adara Northwood,"72 Kropf Plaza",2003-01-03,anorthwoodhg@exblog.jp
629,Celeste Leggan,"64006 Merchant Terrace",1996-06-19,clegganhh@baidu.com
630,Rabi Lowder,"96047 Rusk Center",1994-12-16,rlowderhi@squarespace.com
631,Mathilde Sleightholme,"5347 Clemons Alley",1994-05-20,msleightholmehj@geocities.jp
632,Rosabelle cornhill,"4886 Bunker Hill Circle",1992-01-16,rcornhillhk@wikimedia.org
633,Nicolais Hutson,"38114 Schiller Terrace",1997-09-20,nhutsonhl@domainmarket.com
634,Francine Aps,"09363 Londonderry Hill",1991-10-17,fapshm@ezinearticles.com
635,Boyce Winslade,"17626 Surrey Hill",1995-11-25,bwinsladehn@bbb.org
636,Buffy Vines,"07 Luster Road",1999-12-17,bvinesho@about.com
637,Olivia Hemphrey,"5 Hanover Avenue",2001-04-16,ohemphreyhp@soup.io
638,Lefty Rubbens,"402 Jenifer Trail",1995-11-10,lrubbenshq@shutterfly.com
639,Chilton McGeneay,"8 Arizona Park",2001-05-28,cmcgeneayhr@google.ca
640,Bevon Ladewig,"3000 Moland Circle",2003-09-20,bladewighs@is.gd
641,Maximo Lorraine,"3 Vidon Trail",1996-06-28,mlorraineht@github.com
642,Stella Warricker,"36 Ridgeway Hill",1994-03-13,swarrickerhu@w3.org
643,Josselyn Corney,"03705 Lakewood Drive",1990-03-08,jcorneyhv@umich.edu
644,Ricca Oldknowe,"520 1st Road",1994-02-15,roldknowehw@prweb.com
645,Allie Garrelts,"650 Pleasure Drive",1995-05-14,agarreltshx@narod.ru
646,Amberly Chesters,"6065 Acker Junction",1990-10-13,achestershy@creativecommons.org
647,Nissy Pieters,"82 Bobwhite Place",2004-11-12,npietershz@icio.us
648,Olenolin Gervaise,"7 Schlimgen Junction",2001-02-11,ogervaisei0@walmart.com
649,Claiborne Tierny,"3 Bashford Lane",1993-09-14,ctiernyi1@tripod.com
650,Richmound Biggin,"6522 Anhalt Hill",1994-06-25,rbiggini2@comsenz.com
651,Devondra Boulding,"16 Dryden Point",2004-09-02,dbouldingi3@behance.net
652,Judie Manuello,"05 Tomscot Road",1992-01-18,jmanuelloi4@gravatar.com
653,Cari Pabel,"7656 Reinke Trail",1994-12-01,cpabeli5@theglobeandmail.com
654,Syd Janicek,"6646 Warrior Pass",1999-08-17,sjaniceki6@zimbio.com
655,Alberta Tonbridge,"8 Granby Alley",1995-04-16,atonbridgei7@scientificamerican.com
656,Sigismondo Darrington,"54 Jenifer Street",1997-06-27,sdarringtoni8@discovery.com
657,Eb Botting,"4 Summerview Road",1995-06-18,ebottingi9@admin.ch
658,Zollie Coffelt,"18135 Golf View Center",1993-08-18,zcoffeltia@vk.com
659,Lorri Selesnick,"74 Briar Crest Alley",1994-10-27,lselesnickib@canalblog.com
660,Gussy Hirjak,"48 Jana Avenue",1997-11-14,ghirjakic@discuz.net
661,Cassius Atwool,"57 Forest Run Way",1993-12-15,catwoolid@msn.com
662,Emmie Dabling,"67346 Thompson Trail",2001-05-17,edablingie@spotify.com
663,Lelah Kibbee,"902 5th Trail",1999-10-07,lkibbeeif@webs.com
664,Gibbie Vitte,"32 Jackson Terrace",2002-03-06,gvitteig@senate.gov
665,Carrissa Breakspear,"18659 Springs Way",2003-03-26,cbreakspearih@wikia.com
666,Lanna Gell,"9 Pennsylvania Pass",1991-11-16,lgellii@ycombinator.com
667,Gherardo Chalice,"6422 Crownhardt Circle",1990-03-21,gchaliceij@deviantart.com
668,Hephzibah Echallier,"9085 7th Center",2002-10-17,hechallierik@bigcartel.com
669,Phebe Pollastro,"24 Havey Pass",1998-12-04,ppollastroil@about.com
670,Oates Guilloud,"98709 Sherman Circle",2001-07-22,oguilloudim@arizona.edu
671,Raimondo Salvadori,"282 Caliangt Trail",2001-10-04,rsalvadoriin@sphinn.com
672,Zollie Andor,"0764 Kedzie Way",1991-01-14,zandorio@sakura.ne.jp
673,Karalee Alban,"82 Maple Center",1999-07-28,kalbanip@comsenz.com
674,Joell Stollenhof,"70 Sugar Court",2003-07-27,jstollenhofiq@howstuffworks.com
675,Victoria Cabedo,"920 Old Gate Hill",2000-11-13,vcabedoir@theatlantic.com
676,Carmelia Joselin,"77 Basil Plaza",1991-09-01,cjoselinis@desdev.cn
677,Brandea MacCroary,"7414 Transport Street",1990-09-10,bmaccroaryit@newsvine.com
678,Collin Hepher,"63783 Vahlen Way",2002-09-30,chepheriu@statcounter.com
679,Trev Whittleton,"79894 Bunker Hill Trail",2004-01-21,twhittletoniv@chicagotribune.com
680,Gaston Tander,"43134 Forest Junction",2004-10-20,gtanderiw@csmonitor.com
681,Zarla Caughan,"59 La Follette Point",1993-08-03,zcaughanix@thetimes.co.uk
682,Randie Brydon,"48 Norway Maple Trail",1998-05-15,rbrydoniy@gov.uk
683,Rafaellle Bariball,"376 Hansons Drive",1998-10-13,rbariballiz@yahoo.co.jp
684,Rafferty Posthill,"52730 Loftsgordon Park",1997-04-08,rposthillj0@unc.edu
685,Kyla Lober,"98 1st Center",2003-11-27,kloberj1@topsy.com
686,Cam Kennaway,"28 Lerdahl Road",1990-09-24,ckennawayj2@slate.com
687,Harriett Mainwaring,"94 Sage Way",2003-06-15,hmainwaringj3@alibaba.com
688,Sidnee Humfrey,"3 Independence Terrace",1995-03-20,shumfreyj4@noaa.gov
689,Rivy Cantopher,"9092 Golf View Drive",1996-10-25,rcantopherj5@trellian.com
690,Beltran Vautrey,"07924 Bayside Center",1998-07-17,bvautreyj6@webnode.com
691,Farlee Gyse,"2 Monterey Way",2000-02-10,fgysej7@psu.edu
692,Whitney Elsley,"697 Mifflin Drive",1995-04-02,welsleyj8@istockphoto.com
693,Joellen Karpe,"5405 Hoepker Way",1996-06-27,jkarpej9@pinterest.com
694,Chrystal Geach,"8 Starling Crossing",2002-11-16,cgeachja@purevolume.com
695,Rosemary Ganning,"14 Rigney Place",2001-03-19,rganningjb@bandcamp.com
696,Charleen Norrie,"50806 Fallview Terrace",1995-12-02,cnorriejc@sogou.com
697,Hendrika Corless,"631 Anderson Circle",2002-09-19,hcorlessjd@chronoengine.com
698,Josey Moffett,"195 Reinke Lane",1990-05-29,jmoffettje@csmonitor.com
699,Jose Lukasik,"88 Macpherson Crossing",1999-01-26,jlukasikjf@hugedomains.com
700,Cort Kiljan,"8778 South Avenue",1991-11-15,ckiljanjg@google.com.br
701,Abbe Siemandl,"37 Anzinger Hill",1994-02-03,asiemandljh@ustream.tv
702,Melinde Champagne,"4750 Superior Avenue",1993-02-24,mchampagneji@domainmarket.com
703,Konrad Sandom,"11 Starling Pass",1997-02-24,ksandomjj@about.me
704,Ermanno Helmke,"1616 Homewood Center",1990-12-25,ehelmkejk@wikimedia.org
705,Joline Priscott,"61992 Jackson Hill",1999-05-06,jpriscottjl@cbsnews.com
706,Delmar Kores,"54 Carberry Hill",1996-01-02,dkoresjm@fastcompany.com
707,Hedvige Colebourne,"01 Goodland Hill",1995-01-23,hcolebournejn@indiatimes.com
708,Alfie Esley,"37 Annamark Road",1990-12-20,aesleyjo@wikipedia.org
709,Alair Eminson,"1 Prairieview Plaza",1996-05-13,aeminsonjp@ebay.com
710,Vania Bellwood,"38 Little Fleur Center",1998-03-02,vbellwoodjq@prweb.com
711,Valentin Arthy,"7763 North Alley",1992-01-17,varthyjr@adobe.com
712,Gerri Learie,"33876 Golden Leaf Drive",2003-07-18,gleariejs@pbs.org
713,Ario Belfield,"36 Mccormick Pass",1995-02-24,abelfieldjt@reverbnation.com
714,Fayina Biggans,"04957 Rigney Center",1997-03-30,fbiggansju@house.gov
715,Prudence Hacon,"50 Northland Circle",1994-01-02,phaconjv@bandcamp.com
716,Eadie Cerman,"03673 Nelson Alley",2003-09-25,ecermanjw@ucoz.ru
717,Hollyanne Elcox,"288 Green Road",2004-09-16,helcoxjx@narod.ru
718,Cara Lebreton,"744 Basil Drive",2001-04-28,clebretonjy@usatoday.com
719,Lauri Hartrick,"52 Marquette Road",2001-02-13,lhartrickjz@google.com.hk
720,Langsdon Haibel,"2 Hooker Way",1991-04-22,lhaibelk0@home.pl
721,Steward Rounsivall,"140 Manley Center",2004-07-04,srounsivallk1@blogspot.com
722,Tarah Tarplee,"3056 Burrows Hill",1999-03-31,ttarpleek2@intel.com
723,Ginni Caldicot,"327 Nevada Alley",1993-10-16,gcaldicotk3@mapquest.com
724,Shayla Stickley,"510 Arrowood Point",1995-01-30,sstickleyk4@time.com
725,Nadean Dinley,"3325 Del Sol Parkway",2002-08-13,ndinleyk5@newsvine.com
726,Gonzalo Mathan,"3 Nevada Crossing",1992-11-07,gmathank6@sfgate.com
727,Garrard Baly,"825 Monument Court",1991-07-25,gbalyk7@blogtalkradio.com
728,Ricardo Conningham,"71244 Brickson Park Pass",1994-06-27,rconninghamk8@java.com
729,Sallyanne Rulton,"8171 Sloan Way",2003-10-17,srultonk9@cmu.edu
730,Michele O'Loinn,"9 Mcguire Alley",2003-11-18,moloinnka@over-blog.com
731,Karrah Phidgin,"36080 Brickson Park Place",1996-12-09,kphidginkb@cdbaby.com
732,Paula Burmingham,"8 Kipling Terrace",2002-08-22,pburminghamkc@tamu.edu
733,Iver Cartan,"1002 Arizona Terrace",1994-01-25,icartankd@blogger.com
734,Nicolea Adderson,"94571 Mccormick Drive",2000-10-22,naddersonke@ycombinator.com
735,Crosby Cadlock,"1 Garrison Parkway",2003-05-26,ccadlockkf@dailymotion.com
736,Jeanine Harrap,"32892 Erie Parkway",1993-11-03,jharrapkg@si.edu
737,Babette Dunrige,"936 Monica Junction",1992-07-04,bdunrigekh@google.com.br
738,Geraldine Antoniewski,"13 Welch Drive",1999-08-31,gantoniewskiki@mit.edu
739,Merilyn Pittford,"419 Corry Pass",2003-02-02,mpittfordkj@wunderground.com
740,Mel Gerrill,"253 Fairview Road",1992-11-09,mgerrillkk@ask.com
741,Ashla O' Hanvey,"16 8th Circle",1991-12-02,aokl@360.cn
742,Royal Chill,"63568 8th Center",1995-11-01,rchillkm@blogspot.com
743,Rosabelle Phelips,"99673 Debs Trail",1996-10-25,rphelipskn@gov.uk
744,Rollo Legonidec,"09104 Sommers Center",1991-07-17,rlegonidecko@quantcast.com
745,Price Chalke,"04941 Chinook Point",1992-03-07,pchalkekp@go.com
746,Coretta Carling,"6 Orin Lane",2004-10-22,ccarlingkq@sina.com.cn
747,Linea Chaize,"5510 Miller Parkway",2003-11-06,lchaizekr@alibaba.com
748,Tessi Beekmann,"261 Amoth Lane",2002-02-22,tbeekmannks@sohu.com
749,Galvin Ghilks,"4 Cody Hill",2001-09-07,gghilkskt@woothemes.com
750,Aldis Von Welden,"08 Lindbergh Terrace",1996-06-05,avonku@craigslist.org
751,Charmian Riatt,"75 Havey Hill",1992-01-30,criattkv@admin.ch
752,Lavina Deyes,"366 Debs Trail",1993-03-06,ldeyeskw@theglobeandmail.com
753,Norina Kulicke,"873 Pawling Crossing",2000-06-25,nkulickekx@weibo.com
754,Elvin Pipworth,"739 Lillian Park",1991-03-05,epipworthky@stumbleupon.com
755,Shep Baus,"79 Muir Crossing",1993-08-20,sbauskz@meetup.com
756,Alard Huster,"1 Goodland Avenue",1997-06-03,ahusterl0@ftc.gov
757,Brittany Dye,"393 Anzinger Street",1994-05-28,bdyel1@jiathis.com
758,Ryann Hounsham,"2 Eastlawn Way",1996-06-11,rhounshaml2@fotki.com
759,Theobald Brierly,"78 Springs Park",1992-09-28,tbrierlyl3@webs.com
760,Wilt Hymans,"2 Oakridge Way",1990-03-20,whymansl4@smugmug.com
761,Norean Freen,"94 Pennsylvania Place",1990-03-12,nfreenl5@nhs.uk
762,Augustine Siverns,"11 Helena Pass",1992-08-16,asivernsl6@1688.com
763,Madge Hawkyens,"9 Northview Court",2000-07-01,mhawkyensl7@ibm.com
764,Fax McAtamney,"86017 Troy Street",1991-02-09,fmcatamneyl8@msu.edu
765,Jany Erickson,"72829 Bowman Circle",2004-09-01,jericksonl9@engadget.com
766,Skippie Peer,"6641 Calypso Pass",1992-09-22,speerla@smugmug.com
767,Kassia Gino,"84233 Everett Alley",1998-12-18,kginolb@biblegateway.com
768,Dar Gozney,"8760 Cody Crossing",1995-08-28,dgozneylc@newyorker.com
769,Lynsey Rutt,"5155 Crownhardt Pass",1993-07-07,lruttld@opensource.org
770,Auria Corbould,"19652 Kipling Avenue",2000-11-20,acorbouldle@github.io
771,Emmery Dykas,"2247 Victoria Avenue",1999-03-24,edykaslf@zdnet.com
772,Norri Glowacz,"11478 Bashford Street",1995-06-25,nglowaczlg@marketwatch.com
773,Bron Bettleson,"57749 Coleman Place",1995-11-11,bbettlesonlh@skype.com
774,Wilmar Eveling,"22686 Luster Lane",1998-07-23,wevelingli@examiner.com
775,Janith Shilleto,"248 Hudson Lane",2004-02-10,jshilletolj@meetup.com
776,Lita Blandford,"300 Ryan Place",2000-03-29,lblandfordlk@ucoz.com
777,Preston Carr,"8 Fairview Hill",1994-11-07,pcarrll@wikipedia.org
778,Brion Farbrother,"763 Rutledge Point",1999-08-28,bfarbrotherlm@yellowbook.com
779,Madelle Liddy,"61 Warbler Avenue",1998-03-04,mliddyln@icio.us
780,Quintana Towsey,"62656 Acker Center",1991-09-19,qtowseylo@yelp.com
781,Shanta Lightowler,"14009 Basil Street",1990-01-29,slightowlerlp@ameblo.jp
782,Rosella Bangiard,"2 Steensland Drive",2004-03-08,rbangiardlq@unc.edu
783,Patrick Valder,"6715 Glendale Court",1992-11-20,pvalderlr@umich.edu
784,Gale Ducket,"7264 Hollow Ridge Crossing",1998-12-31,gducketls@gravatar.com
785,Clarke Hayne,"0506 Carey Place",2004-03-03,chaynelt@businesswire.com
786,Richy Curr,"5690 Lindbergh Park",1994-08-09,rcurrlu@51.la
787,Walther Eaglen,"6151 Victoria Parkway",1992-08-01,weaglenlv@live.com
788,Greta Tinsey,"77022 Beilfuss Way",1994-11-22,gtinseylw@mozilla.org
789,Marcelo Iddiens,"8 Scofield Junction",1991-03-14,middienslx@cbsnews.com
790,Bondy Erratt,"1931 Anniversary Avenue",1996-05-26,berrattly@paginegialle.it
791,Care Murton,"5459 Spohn Point",2004-12-27,cmurtonlz@nih.gov
792,Jo-anne Graeber,"618 Express Terrace",1995-06-19,jgraeberm0@google.cn
793,Benedikta Cornish,"5 Bunting Road",1995-08-12,bcornishm1@linkedin.com
794,Florrie Pitford,"17 Katie Trail",1997-02-06,fpitfordm2@webeden.co.uk
795,Boris Pawlaczyk,"1865 Lillian Lane",1994-08-23,bpawlaczykm3@purevolume.com
796,Aretha Foch,"7224 Shopko Hill",1999-10-21,afochm4@imdb.com
797,Loralie Brearley,"0770 Scoville Road",2004-02-05,lbrearleym5@multiply.com
798,Edik Meeking,"70646 Texas Center",1996-05-14,emeekingm6@xinhuanet.com
799,Malva Naptin,"6157 Logan Court",2003-03-08,mnaptinm7@linkedin.com
800,Daisey Crudgington,"2 Debs Avenue",1993-07-03,dcrudgingtonm8@home.pl
801,Licha Elsby,"204 Caliangt Way",2001-02-11,lelsbym9@usda.gov
802,Velvet Coot,"28 Farwell Center",1999-07-08,vcootma@youku.com
803,Yvette Ancketill,"94 Ludington Pass",1994-07-25,yancketillmb@domainmarket.com
804,Evered Dunhill,"8120 Marcy Road",1994-06-18,edunhillmc@washingtonpost.com
805,Carena L'Hommeau,"36654 Barby Avenue",1998-12-26,clhommeaumd@cargocollective.com
806,Renee Larcher,"097 Oneill Park",1997-11-28,rlarcherme@theglobeandmail.com
807,Arden Mallord,"28 Texas Terrace",2001-11-02,amallordmf@oaic.gov.au
808,Cosme Brogan,"2 Beilfuss Terrace",1991-11-22,cbroganmg@buzzfeed.com
809,Elita Ielden,"355 Victoria Street",1994-08-31,eieldenmh@cocolog-nifty.com
810,Sean Osbourn,"15 Washington Street",2002-12-21,sosbournmi@tamu.edu
811,Kimbell Sola,"45 Bowman Alley",1999-03-18,ksolamj@foxnews.com
812,Liv Emery,"3 Donald Drive",1993-03-24,lemerymk@va.gov
813,Ilene Kornes,"00039 Rigney Drive",2001-05-28,ikornesml@sina.com.cn
814,Burty Daniel,"1 Merry Pass",1992-11-19,bdanielmm@slideshare.net
815,Glory Hayford,"6741 Di Loreto Parkway",1995-03-16,ghayfordmn@blinklist.com
816,Stephenie Dossit,"31275 Anhalt Drive",1993-02-19,sdossitmo@mlb.com
817,Mercie Casburn,"4 Red Cloud Junction",1995-10-01,mcasburnmp@tripadvisor.com
818,Lyndsay Izat,"178 Crest Line Center",1993-10-20,lizatmq@photobucket.com
819,Lorene Chastelain,"8 Miller Trail",1995-03-10,lchastelainmr@deviantart.com
820,Hinze Pracy,"560 Beilfuss Avenue",2001-08-09,hpracyms@google.cn
821,Chelsey Jeannequin,"22247 Transport Avenue",2001-12-02,cjeannequinmt@de.vu
822,Clyve Pawlett,"3292 Welch Drive",1991-06-05,cpawlettmu@angelfire.com
823,Patten Greensides,"79755 Rowland Avenue",2001-04-10,pgreensidesmv@jugem.jp
824,Isadore Laidlow,"923 Eastlawn Plaza",1991-09-17,ilaidlowmw@lycos.com
825,Ulrika Tilmouth,"16 Delaware Parkway",1993-01-26,utilmouthmx@digg.com
826,Danette Eyree,"6461 Nelson Parkway",1990-09-10,deyreemy@wisc.edu
827,Sigfried Hruska,"045 Kim Center",1999-10-01,shruskamz@freewebs.com
828,Averyl Loads,"40896 Jenna Circle",1990-07-06,aloadsn0@ycombinator.com
829,Wash Dewane,"520 Manitowish Pass",2004-04-30,wdewanen1@reddit.com
830,Ellary Woodley,"80108 Swallow Pass",1999-01-17,ewoodleyn2@ihg.com
831,Camella Ghiriardelli,"3754 Hooker Way",1995-10-24,cghiriardellin3@liveinternet.ru
832,Giacopo Thunders,"70377 Katie Place",1997-03-02,gthundersn4@a8.net
833,Jolyn Grouen,"70 Myrtle Park",1992-04-09,jgrouenn5@time.com
834,Nicholas Rawson,"29630 Aberg Crossing",1995-05-16,nrawsonn6@de.vu
835,Caril Lince,"9 Garrison Park",1998-04-22,clincen7@yandex.ru
836,Roman Goodchild,"13 Westend Hill",1997-05-10,rgoodchildn8@nasa.gov
837,Diena Miskimmon,"9878 Ridgeview Plaza",1995-05-08,dmiskimmonn9@psu.edu
838,Jedediah Neillans,"959 Ruskin Crossing",1995-10-04,jneillansna@businessweek.com
839,Sherri Rolfe,"1155 Mayfield Street",1992-02-11,srolfenb@ustream.tv
840,Shanie Windibank,"18477 Debra Road",2000-06-25,swindibanknc@discuz.net
841,Cecil Franzonello,"58 Anhalt Alley",1999-12-11,cfranzonellond@usnews.com
842,Kippy Colebourn,"84 Spaight Parkway",1996-07-24,kcolebournne@icq.com
843,Savina Peirson,"077 Bashford Trail",1990-02-05,speirsonnf@npr.org
844,Billy Benam,"0246 La Follette Circle",1997-09-09,bbenamng@cisco.com
845,Issie Otley,"02 Shoshone Road",1995-11-27,iotleynh@globo.com
846,Emilia Croysdale,"1 Oak Valley Point",1991-04-21,ecroysdaleni@issuu.com
847,Free Liveing,"0 Continental Pass",2002-05-06,fliveingnj@newsvine.com
848,Vida Austins,"3 Caliangt Road",2002-07-12,vaustinsnk@wisc.edu
849,Linda Kleinhandler,"8 Summit Circle",2004-07-24,lkleinhandlernl@php.net
850,Obediah Yakovich,"8036 Fair Oaks Hill",1999-02-14,oyakovichnm@acquirethisname.com
851,Georgeanne Jellings,"5140 Russell Circle",1998-06-27,gjellingsnn@arizona.edu
852,Seth Bebb,"5333 Northridge Terrace",1992-03-18,sbebbno@jalbum.net
853,Florinda Codman,"9 Everett Lane",2001-01-16,fcodmannp@hubpages.com
854,Terence Thomazin,"0 Hollow Ridge Circle",1993-12-10,tthomazinnq@hostgator.com
855,Juana MacDearmid,"03480 Bayside Plaza",1999-04-14,jmacdearmidnr@drupal.org
856,Anselma Kubecka,"10 Debs Court",2003-07-27,akubeckans@unc.edu
857,Jo-ann Aries,"500 Norway Maple Alley",1995-10-29,jariesnt@bizjournals.com
858,Karlee Hawtrey,"6270 Kenwood Lane",1992-01-17,khawtreynu@quantcast.com
859,Tabbitha Maroney,"4 6th Avenue",2002-10-14,tmaroneynv@gravatar.com
860,Isa Biskupski,"6 Mesta Way",1991-02-01,ibiskupskinw@domainmarket.com
861,Michelle Dudman,"825 Sommers Way",1990-01-01,mdudmannx@skyrock.com
862,Leeann Bumphrey,"6 Drewry Drive",2004-10-31,lbumphreyny@fastcompany.com
863,Electra Dike,"2223 Old Shore Park",1997-07-10,edikenz@cdc.gov
864,Sebastian Winfrey,"9 Fair Oaks Avenue",1998-02-21,swinfreyo0@sogou.com
865,Lyman Ogle,"5327 Grim Road",1996-11-24,logleo1@prweb.com
866,Lewiss Agget,"1218 Center Place",1997-01-10,laggeto2@uiuc.edu
867,Hyacinthia Joesbury,"7 Quincy Park",2000-05-18,hjoesburyo3@scientificamerican.com
868,Glori Rosborough,"54876 Sutherland Drive",2004-07-10,grosborougho4@wsj.com
869,Gizela Pembry,"96740 Washington Park",2004-11-30,gpembryo5@live.com
870,Emmi Laird-Craig,"16 Judy Drive",1996-06-06,elairdcraigo6@illinois.edu
871,Dionne Alenin,"0264 Erie Lane",1995-03-10,dalenino7@google.cn
872,Ofilia Harken,"39142 Grover Point",1994-05-20,oharkeno8@blogspot.com
873,Hayden Slaight,"80 Red Cloud Drive",1999-04-06,hslaighto9@twitpic.com
874,Reilly Hadigate,"5 Kipling Avenue",1998-12-16,rhadigateoa@java.com
875,Moises Skoyles,"5 Spaight Lane",1991-02-14,mskoylesob@forbes.com
876,Elnore Balazin,"1770 Jay Lane",1996-10-08,ebalazinoc@hhs.gov
877,Fran Gepson,"59747 Hovde Road",1993-01-05,fgepsonod@xing.com
878,Bevin Woodnutt,"9540 Manufacturers Way",1999-03-02,bwoodnuttoe@mlb.com
879,Lemar Bilney,"53 Cody Junction",1992-07-16,lbilneyof@1und1.de
880,Darrel Maryott,"8 Linden Park",2003-10-29,dmaryottog@yahoo.co.jp
881,Elane Rosenberger,"3969 Crownhardt Parkway",1992-12-30,erosenbergeroh@vimeo.com
882,Darleen Hethron,"957 Reinke Park",1998-03-26,dhethronoi@mapquest.com
883,Erena Trenouth,"5494 Goodland Point",1993-04-28,etrenouthoj@earthlink.net
884,Robinetta Kemsley,"7 Lerdahl Street",1992-01-15,rkemsleyok@odnoklassniki.ru
885,Falkner Bolger,"46722 Westport Trail",2004-09-24,fbolgerol@ucsd.edu
886,Maritsa Wareham,"6696 Cardinal Court",2000-03-07,mwarehamom@xrea.com
887,Zolly Abramino,"2 Stoughton Junction",2004-10-21,zabraminoon@ask.com
888,Phyllys Deacon,"69614 Ridge Oak Point",1998-05-20,pdeaconoo@shutterfly.com
889,Staci Keniwell,"97 Westport Point",1990-05-04,skeniwellop@twitter.com
890,Savina Creech,"879 Namekagon Court",1998-05-01,screechoq@answers.com
891,Tuckie Pardew,"27331 Old Shore Place",2000-10-24,tpardewor@house.gov
892,Addy MacDonald,"144 Thackeray Hill",1992-04-23,amacdonaldos@bing.com
893,Kip Bisterfeld,"40634 Sutteridge Park",1999-03-16,kbisterfeldot@dion.ne.jp
894,Nicoli Crawshay,"83151 Homewood Alley",1993-04-16,ncrawshayou@utexas.edu
895,Noam Mustoo,"09108 Fairview Parkway",1992-08-21,nmustooov@uol.com.br
896,Cass Ginnaly,"9991 Grasskamp Street",2002-05-27,cginnalyow@wufoo.com
897,Dwight Jancey,"0914 Pierstorff Parkway",2004-04-19,djanceyox@ustream.tv
898,Lynnea Slaten,"10110 Randy Alley",1999-11-10,lslatenoy@google.com.hk
899,Carlie Kemer,"12604 Autumn Leaf Park",2003-10-18,ckemeroz@bbb.org
900,Neile Guilder,"558 Corscot Alley",1991-08-15,nguilderp0@wp.com
901,Phedra Van de Vlies,"70200 Burning Wood Way",1995-07-23,pvanp1@51.la
902,Franciskus Mossop,"7 Stuart Place",2004-02-04,fmossopp2@blogger.com
903,Silas Caldayrou,"9207 Prairieview Alley",2003-04-02,scaldayroup3@prnewswire.com
904,Fabien Aleksandrikin,"2556 School Avenue",1996-01-02,faleksandrikinp4@soundcloud.com
905,Nicola Treppas,"6531 Cherokee Place",1995-11-22,ntreppasp5@wordpress.org
906,Chryste Brentnall,"605 Anzinger Way",1991-05-10,cbrentnallp6@51.la
907,Rosalyn Gilvary,"4 Amoth Terrace",1991-07-08,rgilvaryp7@sphinn.com
908,Thedrick Darrington,"84 Alpine Point",1991-04-24,tdarringtonp8@odnoklassniki.ru
909,Tabbitha Northgraves,"11 Northfield Drive",1997-03-30,tnorthgravesp9@tinyurl.com
910,Clywd Bigland,"2 Ludington Place",1992-08-29,cbiglandpa@1688.com
911,Rorke Conor,"90299 Northridge Crossing",1993-11-04,rconorpb@hugedomains.com
912,Iormina Thorbon,"5 Sutteridge Point",2004-12-07,ithorbonpc@nature.com
913,Ali Erat,"47820 Ludington Point",1990-05-19,aeratpd@arizona.edu
914,Minnnie Gabrieli,"724 Acker Point",1998-11-29,mgabrielipe@google.com
915,Alessandro Soares,"82 Ramsey Junction",2000-06-06,asoarespf@usda.gov
916,Darb Lacelett,"33485 Rigney Avenue",1997-03-04,dlacelettpg@naver.com
917,Delcina McConnulty,"3 Badeau Plaza",1995-02-23,dmcconnultyph@un.org
918,Virginie Dunlap,"8 Mesta Court",1997-07-20,vdunlappi@tripod.com
919,Leanora Muston,"36915 Knutson Court",1999-01-22,lmustonpj@eventbrite.com
920,Billie Martignoni,"93042 Barnett Parkway",2003-07-11,bmartignonipk@forbes.com
921,Staffard Bazoche,"6 Mcbride Court",2003-08-11,sbazochepl@wikipedia.org
922,Cairistiona Brimson,"648 Helena Trail",1993-10-03,cbrimsonpm@sogou.com
923,Cull Plenderleith,"6132 Brown Terrace",1997-01-21,cplenderleithpn@soundcloud.com
924,Carmine Titchen,"1 Debra Parkway",1994-08-21,ctitchenpo@smh.com.au
925,Tuckie Yaknov,"5793 Atwood Alley",1996-05-22,tyaknovpp@so-net.ne.jp
926,Gordan Foye,"5 Messerschmidt Avenue",2000-10-08,gfoyepq@jigsy.com
927,Ceil Bertwistle,"8 Granby Plaza",1991-10-20,cbertwistlepr@vinaora.com
928,Dillon Kwietek,"3786 South Road",2000-02-23,dkwietekps@friendfeed.com
929,Alexandra Little,"6154 Corben Place",2000-02-12,alittlept@nydailynews.com
930,Joyan Slafford,"994 International Road",2000-07-22,jslaffordpu@scientificamerican.com
931,El Glennie,"209 Caliangt Park",1998-11-03,eglenniepv@baidu.com
932,Forrest Covolini,"845 Cody Alley",2000-06-13,fcovolinipw@ft.com
933,Jeramey Oki,"51406 Leroy Pass",1992-10-07,jokipx@businessweek.com
934,Jacinta Dybell,"453 Hoepker Point",2003-03-10,jdybellpy@reference.com
935,Jeanna Cafferky,"4 Straubel Place",1996-10-16,jcafferkypz@mozilla.org
936,Katherina Cronshaw,"8 Mariners Cove Circle",1993-11-26,kcronshawq0@zdnet.com
937,Jeanna Grishmanov,"4877 Mariners Cove Court",2000-01-17,jgrishmanovq1@infoseek.co.jp
938,Lib Northley,"61967 Mayfield Lane",1998-03-30,lnorthleyq2@ucoz.com
939,Almeria Kempstone,"13058 Daystar Center",1998-06-17,akempstoneq3@examiner.com
940,Lynn Roskams,"8 Norway Maple Way",1994-01-29,lroskamsq4@shutterfly.com
941,Bat Westley,"3 Southridge Way",2000-08-07,bwestleyq5@cmu.edu
942,Sabra Babington,"49544 Southridge Terrace",1996-08-13,sbabingtonq6@lycos.com
943,Agace Bracken,"46 Golden Leaf Place",2004-10-23,abrackenq7@histats.com
944,Wade Domokos,"81959 Hovde Avenue",2000-09-02,wdomokosq8@businesswire.com
945,Lizette Beszant,"2 Ronald Regan Crossing",2000-05-09,lbeszantq9@sphinn.com
946,Delilah Rawling,"589 Sachs Road",1995-09-06,drawlingqa@harvard.edu
947,Pansie felip,"0 Hagan Lane",1992-12-04,pfelipqb@dedecms.com
948,Madge Assante,"04 Melby Drive",1998-04-24,massanteqc@elegantthemes.com
949,Zebedee Stronghill,"7 Gateway Crossing",2001-04-29,zstronghillqd@cmu.edu
950,Titus Pauly,"3 Farragut Terrace",2000-09-05,tpaulyqe@blinklist.com
951,Jinny Sammars,"09055 Vermont Plaza",1990-08-12,jsammarsqf@salon.com
952,Lucas Dobbison,"7 Springs Crossing",1992-11-29,ldobbisonqg@businesswire.com
953,Caleb Hardesty,"71263 Boyd Plaza",1993-09-22,chardestyqh@newsvine.com
954,Kleon Janjusevic,"6966 4th Point",1992-09-19,kjanjusevicqi@yellowbook.com
955,Clay Fruen,"6709 Morningstar Pass",2004-12-27,cfruenqj@sbwire.com
956,Cece Woakes,"9305 Glacier Hill Drive",1996-07-02,cwoakesqk@wikia.com
957,Brucie Windsor,"1198 Cordelia Pass",1994-09-24,bwindsorql@nytimes.com
958,Eugenio O'Hickey,"7148 Fieldstone Parkway",2000-01-22,eohickeyqm@desdev.cn
959,Leighton Brugden,"5 Arizona Junction",1997-03-24,lbrugdenqn@state.tx.us
960,Randie Boram,"86690 Dunning Parkway",1990-08-04,rboramqo@bigcartel.com
961,Estele Corneliussen,"061 Sutteridge Drive",2003-07-27,ecorneliussenqp@odnoklassniki.ru
962,Raddy MacAless,"3943 Mockingbird Place",1990-03-26,rmacalessqq@arizona.edu
963,Flint Curwen,"76 Green Drive",1991-02-01,fcurwenqr@cbc.ca
964,Christie Tolan,"56 Victoria Junction",1999-05-03,ctolanqs@spiegel.de
965,Jessica Axleby,"67 Veith Parkway",1998-07-20,jaxlebyqt@plala.or.jp
966,Brewster Claworth,"54 Charing Cross Lane",2003-09-12,bclaworthqu@addtoany.com
967,Fiorenze Detoile,"4 Express Way",1992-05-07,fdetoileqv@ox.ac.uk
968,Kaylil Peddowe,"887 Commercial Pass",1995-06-11,kpeddoweqw@census.gov
969,Cam Nutbeam,"5 Logan Park",1997-04-28,cnutbeamqx@meetup.com
970,Felicle Grierson,"7 Center Avenue",1993-06-06,fgriersonqy@columbia.edu
971,Camilla Cluer,"19 Trailsway Lane",2002-08-17,ccluerqz@hao123.com
972,Sandy Bartosch,"11429 Brown Hill",2003-05-14,sbartoschr0@blinklist.com
973,Wood Legendre,"2816 Aberg Street",1994-05-30,wlegendrer1@goo.gl
974,Emilia Flaxon,"29034 Fair Oaks Park",1994-02-23,eflaxonr2@bizjournals.com
975,Rubi Grogor,"44 Forster Parkway",2001-03-31,rgrogorr3@shutterfly.com
976,Thorstein Lent,"8685 Merry Court",2001-08-09,tlentr4@privacy.gov.au
977,Dilan Rumin,"1 Eagan Court",1992-11-26,druminr5@japanpost.jp
978,Darleen Feldon,"3852 Northfield Park",2002-08-28,dfeldonr6@nydailynews.com
979,Giustino Cordeiro,"34 Transport Alley",1995-05-20,gcordeiror7@t.co
980,Conrado Denington,"2 West Terrace",1999-09-26,cdeningtonr8@csmonitor.com
981,Conrado Caunce,"20 Sunbrook Park",1992-06-06,ccauncer9@weebly.com
982,Alfonso Keysel,"32 Butterfield Trail",1990-10-09,akeyselra@angelfire.com
983,Findlay Facchini,"5 Blackbird Street",1995-09-07,ffacchinirb@domainmarket.com
984,Carmine Brayley,"28003 Cody Pass",2001-01-18,cbrayleyrc@flavors.me
985,Orland Lancaster,"23634 Elmside Parkway",2000-02-02,olancasterrd@example.com
986,Lishe Hannen,"55 Meadow Ridge Park",1994-09-16,lhannenre@reverbnation.com
987,Mariele Martill,"24790 Lerdahl Hill",1991-03-26,mmartillrf@fda.gov
988,Mair Kneebone,"694 Annamark Drive",1991-10-22,mkneebonerg@apple.com
989,Gusta Fawckner,"1119 Mendota Parkway",1998-06-30,gfawcknerrh@aol.com
990,Ragnar Berndt,"380 Hanson Center",1997-09-06,rberndtri@nyu.edu
991,Shurlock Pibworth,"46160 Golf Park",1996-12-24,spibworthrj@hubpages.com
992,Noelle Barenski,"27802 Menomonie Drive",1999-01-21,nbarenskirk@hp.com
993,Casper Croley,"23370 Lindbergh Terrace",2003-02-06,ccroleyrl@mtv.com
994,Selia Longcake,"629 Hollow Ridge Junction",1996-02-03,slongcakerm@nytimes.com
995,Nessy Atwood,"27739 Shelley Hill",1990-08-21,natwoodrn@adobe.com
996,Brannon Helks,"6966 Riverside Place",1998-04-10,bhelksro@slate.com
997,Anne Jecks,"001 West Drive",2002-12-05,ajecksrp@uiuc.edu
998,Renaldo Proback,"5970 Del Mar Drive",1993-05-20,rprobackrq@com.com
999,Aggi Sisneros,"995 Vermont Trail",1993-03-26,asisnerosrr@guardian.co.uk
